"ID bài viết","ID Trang","Tên Trang","Tiêu đề","Mô tả","Thời lượng (giây)","Thời gian đăng","Loại chú thích","Liên kết vĩnh viễn","Là nội dung đăng chéo","Là bài viết chia sẻ","Loại bài viết","Ngôn ngữ","Nhãn tùy chỉnh","Trạng thái nội dung được tài trợ","Bình luận về dữ liệu",Ngày,"Lượt hiển thị","Phạm vi tiếp cận","Cảm xúc, bình luận và lượt chia sẻ","Cảm xúc","Bình luận","Lượt chia sẻ","Tổng số lượt click","Tổng số lượt click của người dùng khớp với đối tượng nhắm mục tiêu (Photo Click)","Lượt click khác","Lượt click vào liên kết",REELS_PLAYS:COUNT,"Số Giây xem","Số Giây xem trung bình","Thu nhập ước tính ((USD))","CPM quảng cáo ((USD))","Lượt hiển thị quảng cáo"
913955664068564,100063624155619,"Viện Nghiên cứu Quốc tế về Trí tuệ nhân tạo và Khoa học dữ liệu","𝐂𝐡𝐮̛𝐨̛𝐧𝐠 𝐭𝐫𝐢̀𝐧𝐡 𝐓𝐫𝐚𝐨 đ𝐨̂̉𝐢 𝐬𝐢𝐧𝐡 𝐯𝐢𝐞̂𝐧 𝐪𝐮𝐨̂́𝐜 𝐭𝐞̂́ 𝟐𝟎𝟐𝟒 (𝐈𝐧𝐭𝐞𝐫𝐧𝐚𝐭𝐢𝐨𝐧𝐚𝐥 𝐒𝐭𝐮𝐝𝐞𝐧𝐭 𝐄𝐱𝐜𝐡𝐚𝐧𝐠𝐞 𝐩𝐫𝐨𝐠𝐫𝐚𝐦 𝟐𝟎𝟐𝟒) 𝐭𝐚̣𝐢 𝐓𝐫𝐮̛𝐨̛̀𝐧𝐠 Đ𝐇 Đ𝐨̂𝐧𝐠 𝐀́.

Được khởi xướng từ năm 2022 giữa Trường ĐH Đông Á (UDA) và ĐH Lille (Pháp) với mục đích tạo điều kiện cho SV mở rộng kiến thức, văn hoá và phát triển bản thân qua việc trao đổi học tập và trải nghiệm trong môi trường giáo dục quốc tế.

Năm 2024, Trường ĐH Đông Á đón chào chương trình trao đổi từ 5 cô gái Pháp xinh đẹp và năng động: Victoire Barchemin, Eugénie Duffaut, Thelma Dominici, Emma Tronel và Apsara Chea.

#internationalstudentexchange #UDA #IAD #UniversityofLille #trao_đổi_quốc_tế2024 #tuyển_sinh2024 #2k6 #Trường_ĐH_Đông_Á #trituenhantao #AI #XAI","𝐂𝐡𝐮̛𝐨̛𝐧𝐠 𝐭𝐫𝐢̀𝐧𝐡 𝐓𝐫𝐚𝐨 đ𝐨̂̉𝐢 𝐬𝐢𝐧𝐡 𝐯𝐢𝐞̂𝐧 𝐪𝐮𝐨̂́𝐜 𝐭𝐞̂́ 𝟐𝟎𝟐𝟒 (𝐈𝐧𝐭𝐞𝐫𝐧𝐚𝐭𝐢𝐨𝐧𝐚𝐥 𝐒𝐭𝐮𝐝𝐞𝐧𝐭 𝐄𝐱𝐜𝐡𝐚𝐧𝐠𝐞 𝐩𝐫𝐨𝐠𝐫𝐚𝐦 𝟐𝟎𝟐𝟒) 𝐭𝐚̣𝐢 𝐓𝐫𝐮̛𝐨̛̀𝐧𝐠 Đ𝐇 Đ𝐨̂𝐧𝐠 𝐀́.

Được khởi xướng từ năm 2022 giữa Trường ĐH Đông Á (UDA) và ĐH Lille (Pháp) với mục đích tạo điều kiện cho SV mở rộng kiến thức, văn hoá và phát triển bản thân qua việc trao đổi học tập và trải nghiệm trong môi trường giáo dục quốc tế.

Năm 2024, Trường ĐH Đông Á đón chào chương trình trao đổi từ 5 cô gái Pháp xinh đẹp và năng động: Victoire Barchemin, Eugénie Duffaut, Thelma Dominici, Emma Tronel và Apsara Chea.

#internationalstudentexchange #UDA #IAD #UniversityofLille #trao_đổi_quốc_tế2024 #tuyển_sinh2024 #2k6 #Trường_ĐH_Đông_Á #trituenhantao #AI #XAI",68,"04/02/2024 01:46",N/A,https://www.facebook.com/IAD.DongA/videos/7106985202757453/,0,0,Video,,,,,"Trọn đời",159,145,15,13,1,1,13,,13,,208,2636.78,16.902,0,0,0
913289030801894,100063624155619,"Viện Nghiên cứu Quốc tế về Trí tuệ nhân tạo và Khoa học dữ liệu","𝑳𝒚́ 𝒅𝒐 𝒃𝒂̣𝒏 𝒏𝒆̂𝒏 𝒄𝒉𝒐̣𝒏 Đ𝒂̣𝒊 𝒉𝒐̣𝒄 Đ𝒐̂𝒏𝒈 𝑨́

👉👉👉“Cơ ngơi” học tập được xếp vào hạng “không phải dạng vừa”, đội ngũ giảng viên giàu kinh nghiệm, chương trình học đa dạng cùng cơ hội thực tập hưởng lương tại nước ngoài là tổng hòa những biến số tạo nên thương hiệu ĐH Đông Á - ngôi trường hiện đại trong lòng doanh nghiệp, trường học trải nghiệm trong tim GenZ. Cùng tìm hiểu bài viết “Lý do bạn nên chọn Đại học Đông Á” bạn tự tin hơn với lựa chọn của mình nhé!

👉Chi tiết tại: https://donga.edu.vn/tuyensinh/ts-chi-tiet/ly-do-ban-nen-chon-dai-hoc-dong-a-35510
#UDA #tuyensinh #tuyensinhdaihocDongA #K24 #trituenhantao #Artificial_Intelligence #AI #trithongminhnhantao #Đại_học_Đông_Á",,0,"04/01/2024 03:20",N/A,https://www.facebook.com/IAD.DongA/posts/pfbid024MLBygamJqi8WUFcdCrB1ZyziPCVt92sKLEe11V8ALQiZfLa7Zt8gshsh1bExQoYl,0,0,Ảnh,,,,,"Trọn đời",347,323,7,6,0,1,19,11,3,5,,,,,,
974982234632573,100063624155619,"Viện Nghiên cứu Quốc tế về Trí tuệ nhân tạo và Khoa học dữ liệu",,,0,"06/28/2024 07:09",N/A,https://www.facebook.com/IAD.DongA/posts/pfbid022Xwg8sd9bDftGrDRQBBYtGZ2HR216HsvXeu8jD82uAMwiNq5WzLkhabnFSFR8f8fl,0,1,Ảnh,,,,,"Trọn đời",114,94,1,1,0,0,2,2,,,,,,,,
973336224797174,100063624155619,"Viện Nghiên cứu Quốc tế về Trí tuệ nhân tạo và Khoa học dữ liệu","Viện Nghiên cứu quốc tế về Trí tuệ nhân tạo và Khoa học dữ liệu (IAD), ĐH Đông Á.

TUYỂN DỤNG:
#Vị trí: Nghiên cứu viên cơ hữu tại IAD, ĐH Đông Á, Đà Nẵng.
(Làm việc trực tiếp tại Viện IAD, ĐH Đông Á, Đà Nẵng)
#Mức lương: Thoả thuận theo năng lực. 
#Mô tả công việc:
- Tham gia viết và thực hiện các dự án/đề tài trong - ngoài nước của Viện IAD và trường ĐH Đông Á.
- Tham gia nghiên cứu & xuất bản kết quả trên các tạp chí SCI.
- Tham gia trình bày tại các Hội nghị quốc tế.
- Tham gia các dự án chuyển giao công nghệ của Viện IAD & trường ĐH Đông Á.
- Tổ chức các sự kiện nghiên cứu khoa học, hội nghị, hội thảo về lĩnh vực AI – DS.
- Khuyến khích tham gia giảng dạy (có thu nhập bổ sung).
- Chi tiết công việc sẽ được trao đổi thêm lúc phỏng vấn.
#Yêu cầu:
- Sinh viên sẽ tốt nghiệp trong năm 2024/ Cử nhân/ Kỹ sư/ Thạc sĩ/ Tiến sĩ.
- Chuyên ngành: Trí tuệ nhân tạo/ Khoa học dữ liệu/ Công nghệ thông tin/ Tin học công nghiệp/ Tự động hóa / Điện – Điện tử / Sản xuất tự động/ Toán thống kê/ Tài chính.
- Thông thạo tiếng Anh (Ưu tiên có IELTS 6.0 trở lên).
- Lập trình tốt trên Python và R.
- Kiến thức thống kê/toán ứng dụng tốt.
- Có kiến thức về Machine Learning.
- Năng động và có khả năng làm việc nhóm.
- Ứng viên có kinh nghiệm giảng dạy/trợ giảng tại các trường Đại học, Cao đẳng là lợi thế.
- Ứng viên là Kỹ Sư chương trình Việt – Pháp (P.F.I.E.V) là lợi thế.
#Quyền lợi:
- Trong vòng hai năm kể từ ngày ký hợp đồng, ứng viên giỏi sẽ có cơ hội được cử đi làm Thạc sĩ/Tiến sĩ/Sau Tiến sĩ tại châu Âu.
- Được hưởng đầy đủ quyền lợi của một cán bộ thuộc Đại học Đông Á.
#Ứng viên vui lòng gửi CV ứng tuyển về email: iad@donga.edu.vn, tiêu đề: 
Ứng tuyển vị trí Nghiên cứu viên – [Họ & Tên].
#Deadline: 15/07/2024 hoặc đến khi tuyển đủ.

------------------------------------------
Viện Nghiên cứu quốc tế về Trí tuệ nhân tạo và Khoa học dữ liệu (IAD), tiền thân là Bộ phận Trí tuệ nhân tạo, được thành lập vào năm 2017 bởi Đại học Đông Á. 
- IAD tập trung vào việc nghiên cứu, phát triển các phương pháp mới trong Trí tuệ nhân tạo và Khoa học dữ liệu (TTNT & KHDL). 
- IAD đặt mục tiêu phát triển và áp dụng các kết quả nghiên cứu trong lĩnh vực TTNT & KHDL vào thực tế tại Việt Nam và hợp tác nghiên cứu với các nước trên thế giới.
- Hiện nay các lĩnh vực nghiên cứu của IAD tập trung vào 4 trục chính:
a) Khoa học dữ liệu
b) Trí tuệ nhân tạo trong Sản xuất thông minh
c) Trí tuệ nhân tạo trong Chăm sóc sức khỏe
d) Trí tuệ nhân tạo trong Kinh doanh và Tài chính
#Tìm hiểu thêm thông tin của Viện IAD tại:
- Website: https://iad.donga.edu.vn/
- Fanpage: https://www.facebook.com/IAD.DongA/",,0,"06/26/2024 01:48",N/A,https://www.facebook.com/IAD.DongA/posts/pfbid02cRTje7AvikZVFmosceHVpaqHF9QJ8DEj7uDTwMr8AVbbqoE7LNyK3v62VZyZuAKl,0,0,Ảnh,,,,,"Trọn đời",2312,2124,89,67,9,13,191,24,149,18,,,,,,
973177058146424,100063624155619,"Viện Nghiên cứu Quốc tế về Trí tuệ nhân tạo và Khoa học dữ liệu","𝐓𝐫u͏̛o͏̛̀𝐧𝐠 Đa͏̣𝐢 𝐡o͏̣𝐜 Đo͏̂𝐧𝐠 A͏́ 𝐜o͏̂𝐧𝐠 𝐛o͏̂́ đ𝐢e͏̂̉𝐦 𝐜𝐡𝐮a͏̂̉𝐧 𝐭𝐫u͏́𝐧𝐠 𝐭𝐮𝐲e͏̂̉𝐧 𝐬o͏̛́𝐦 𝐧a͏̆𝐦 𝟐𝟎𝟐𝟒
-----
Hội đồng Tuyển sinh Trường Đại học Đông Á công bố mức điểm chuẩn trúng tuyển sớm theo phương thức xét kết quả học tập THPT (học bạ) đợt 1 - năm 2024 cho các ngành đào tạo bậc Đại học hệ chính quy.

Thông tin điểm chuẩn các ngành xem tại:

https://donga.edu.vn/tuyensinh/ts-chi-tiet/truong-dai-hoc-dong-a-cong-bo-diem-chuan-trung-tuyen-som-nam-2024-36229

Các khối ngành xét tuyển:
- Khối ngành ngôn ngữ, Kinh doanh và quản lý, Dịch vụ Du lịch - Nhà hàng - Khách sạn
- Khối ngành kĩ thuật
- Khối ngành Sức khỏe và Khoa học đời sống
- Khối ngành sư phạm

Ngưỡng đảm bảo chất lượng đầu vào đối với Nhóm ngành Sức khoẻ
Ngành Dược học: tổng điểm của trung bình cộng (TBC) 3 học kỳ (HK1 lớp 11 + HK2 lớp 11 + HK1 lớp 12) đạt từ 24 điểm trở lên hoặc TBC cả năm lớp 12 đạt từ 8.0 và học lực năm học lớp 12 đạt loại Giỏi.
Ngành Điều dưỡng: tổng điểm TBC 3 học kỳ đạt từ 19,5 điểm trở lên hoặc TBC cả năm lớp 12 đạt từ 6.5  và học lực năm học lớp 12 đạt từ loại Khá trở lên.

Từ ngày 12/06 đến hết ngày 15/07/2024, trường Đại học Đông Á nhận hồ sơ xét tuyển theo phương thức xét kết quả học tập THPT (học bạ) đợt tiếp theo và phương thức xét điểm thi Đánh giá năng lực ĐHQG TP. HCM đối với các ngành đào tạo bậc đại học hệ chính quy.

Theo dõi các mốc thời gian quan trọng để chính thức trở thành tân sinh viên Khoá 2024 của trường Đại học Đông Á
26/06 - 28/06: Hoàn thành Kỳ thi tốt nghiệp THPT Quốc gia 2024;
17/07: Có kết quả tốt nghiệp và cập nhật kết quả này lên hồ sơ Online của thí sinh ở địa chỉ https://nhaphoc.donga.edu.vn/ 
18/07 - 17h00 ngày 30/07: Thí sinh đăng ký nguyện vọng trên hệ thống của Bộ GD&ĐT, đặt Đại học Đông Á (mã trường DAD) là nguyện vọng 1;
31/07 - 17h00 ngày 06/08: Thí sinh nộp lệ phí xét tuyển trực tuyến trên hệ thống của Bộ GD&ĐT
Trước 17h ngày 27/08: Thí sinh hoàn thành xác nhận nhập học trên hệ thống tuyển sinh của Bộ GD&ĐT; Nhận thông báo hướng dẫn nhập học từ nhà trường. 
19/08 - 31/08: Thí sinh nhập học chính thức tại trường Đại học Đông Á

#UDA #Tuyensinh #IAD #trungtuyensom #diemchuandaihoc",,0,"06/25/2024 20:15",N/A,https://www.facebook.com/IAD.DongA/posts/pfbid0nW7KUbLdPCuq6cE7vos5C98RempnkCkdzpH7y2XjevqqV2mFdH4m7L2Nqa5f9RzDl,0,0,"Liên kết",,,,,"Trọn đời",129,106,3,3,0,0,2,,1,1,,,,,,
972583538205776,100063624155619,"Viện Nghiên cứu Quốc tế về Trí tuệ nhân tạo và Khoa học dữ liệu","PGS. TSKH Trần Kim Phúc - giảng viên cao cấp, nhà nghiên cứu tại ĐH Lille, Pháp đã dành cuộc trao đổi cởi mở sau 2 đợt kết nối sinh viên trao đổi để SV ĐH Lille, Pháp đến học tập và hoàn thành đề tài nghiên cứu tại Đại học Đông Á và tham gia loạt hội thảo quốc tế, hội nghị và chuyên đề chuyên môn với giảng viên, sinh viên ĐH Đông Á ở lĩnh vực Trí tuệ nhân tạo và Khoa học dữ liệu. Ở chuyến công tác gần nhất, PGS. TSKH Trần Kim Phúc cũng đã tham gia hiến máu tình nguyện cùng với GV và SV ĐH Đông Á.

https://www.youtube.com/watch?v=k45ssdeWiYc

#UDA #IAD #AI",,0,"06/25/2024 00:56",N/A,https://www.facebook.com/IAD.DongA/posts/pfbid02m4Ec1ioYxhNsXSe1KMK5RmRD4ofJhCCMCqH5WumozQeYBp4gbrbTFV1qU5CY971wl,0,0,"Liên kết",,,,,"Trọn đời",187,160,14,12,1,1,9,,2,7,,,,,,
972390458225084,100063624155619,"Viện Nghiên cứu Quốc tế về Trí tuệ nhân tạo và Khoa học dữ liệu","Lại thêm 1 thành viên của IAD tiến bước trên con đường không ngừng học tập và nghiên cứu!!!!
Chúc anh, PVT Thường trực Viện IAD Duc Tran lên đường thượng lộ bình an và sang năm mang nhiều thành quả về cho IAD a nhé!!! 🥳🥳🥳🥳",,0,"06/24/2024 17:51",N/A,https://www.facebook.com/IAD.DongA/posts/pfbid02R8FGTiaE1dqv1qvZe9yHCoj1gy3d1fZzURmjxQbPDrJjNr4EMBpkLgZxae2f9zGYl,0,1,Ảnh,,,,,"Trọn đời",220,193,12,10,2,0,52,33,19,,,,,,,
971648384965958,100063624155619,"Viện Nghiên cứu Quốc tế về Trí tuệ nhân tạo và Khoa học dữ liệu","Một trong những khoảnh khắc đáng ghi nhớ nhất của đời Sinh viên phải ko các UDAers ơi!!! ❤",,0,"06/23/2024 18:04",N/A,https://www.facebook.com/IAD.DongA/posts/pfbid0er4WzYazdde7zP23AaQ9Gh76khLsyWQnBjHw6FXNpXL1N9jiqwdDJFfkty2WyaUKl,0,1,Video,,,,,"Trọn đời",76,60,2,2,0,0,0,,,,,,,,,
971647788299351,100063624155619,"Viện Nghiên cứu Quốc tế về Trí tuệ nhân tạo và Khoa học dữ liệu","Đại học Đông Á đã trở thành điển hình tại Việt Nam trong nối kết các đối tác Nhật triển khai chương trình internship và làm việc cho sinh viên tại Nhật.",,0,"06/23/2024 18:03",N/A,https://www.facebook.com/IAD.DongA/posts/pfbid0Td4S6ScScqkrCdk3CGsjdXYhcAfte5CbJYZF5rk3aZ46mkhzDBYoYtozAx1uLyg1l,0,1,Video,,,,,"Trọn đời",66,52,2,2,0,0,0,,,,,,,,,
971647548299375,100063624155619,"Viện Nghiên cứu Quốc tế về Trí tuệ nhân tạo và Khoa học dữ liệu","🎊 ""UDA start up innovation 2024"" - cuộc thi khởi nghiệp lần thứ 3 dành cho sinh viên ở tất cả các khối ngành đào tạo tại Đại học Đông Á đã chính thức khởi động! 🎊",,0,"06/23/2024 18:02",N/A,https://www.facebook.com/IAD.DongA/posts/pfbid036f1B4XUkCdxm7DezLebNSE4JyXTrANZzqtTxg8X6zCB3txDjFnPre9xKKNcdLur8l,0,1,Ảnh,,,,,"Trọn đời",99,85,2,2,0,0,1,,1,,,,,,,
968900188574111,100063624155619,"Viện Nghiên cứu Quốc tế về Trí tuệ nhân tạo và Khoa học dữ liệu","Đ𝒐̣̂𝒊 𝒏𝒈𝒖̃ 𝒈𝒊𝒂̉𝒏𝒈 𝒗𝒊𝒆̂𝒏 𝒄𝒂𝒐 𝒄𝒂̂́𝒑 𝒏𝒈𝒂̀𝒏𝒉 𝑻𝒓𝒊́ 𝒕𝒖𝒆̣̂ 𝒏𝒉𝒂̂𝒏 𝒕𝒂̣𝒐 𝒕𝒂̣𝒊 Đ𝒂̣𝒊 𝒉𝒐̣𝒄 Đ𝒐̂𝒏𝒈 𝑨́.
___________________________

Trí tuệ nhân tạo (AI) hiện đang tạo cơn sốt trên toàn thế giới, Việt Nam cũng đang gấp rút trang bị cho mình những đội ngũ nhân lực để bắt kịp những xu hướng của thời đại. 

Đến với Đại học Đông Á, bạn sẽ được ""điểm trang tri thức"" bởi những giảng viên là các Giáo sư, Tiến sĩ trong và ngoài nước có danh tiếng và giàu kinh nghiệm.

𝟭. 𝗣𝗚𝗦. 𝗧𝗦𝗞𝗛. 𝗧𝗿𝗮̂̀𝗻 𝗞𝗶𝗺 𝗣𝗵𝘂́𝗰
Giảng viên cao cấp và Nhà Nghiên cứu cấp cao về Trí tuệ nhân tạo và Khoa học Dữ liệu tại Đại học Lille, Trường tiến sĩ MADIS-631, viện nghiên cứu GEMTEX, ENSAIT, Pháp.

𝟮. 𝗚𝗦. 𝗖𝗲́𝗱𝗿𝗶𝗰 𝗛𝗘𝗨𝗖𝗛𝗘𝗡𝗡𝗘
Giảng viên về Khoa học Dữ liệu/Thống kê tại Đại học Liège, Vương quốc Bỉ, Cố vấn khoa học tại Viện Nghiên cứu Quốc tế về Trí tuệ Nhân tạo và Khoa học Dữ liệu (IAD), Đại học Đông Á.

𝟯. 𝗧𝗦. 𝗡𝗴𝘂𝘆𝗲̂̃𝗻 𝗤𝘂𝗼̂́𝗰 𝗧𝗵𝗼̂𝗻𝗴
Viện trưởng Viện IAD, Đại học Đông Á. Nhà nghiên cứu cấp cao về Khoa học dữ liệu tại Sofft Industries-GroupeHighFi, Pháp.

𝟰. 𝗧𝗦. 𝗠𝗼𝘂𝘀𝘀𝗮𝗯 𝗢𝗥𝗔𝗕𝗜
Nhà nghiên cứu cấp cao về Trí tuệ nhân tạo và Khoa học dữ liệu tại Tập đoàn Rosenberger, Đức. 

𝟱. 𝗧𝗦. 𝗔𝗹𝗶 𝗥𝗔𝗭𝗔
Nhà nghiên cứu cấp cao về Trí tuệ nhân tạo tại Viện nghiên cứu Honda EU, Đức.

Cùng với đội ngũ giảng viên uy tín, bạn sẽ được trang bị đầy đủ tri thức và kinh nghiệm thực chiến để làm chủ AI trong bối cảnh ""vàng"" hiện tại. 
👉👉Hãy đăng kí xét tuyển vào ngành Trí tuệ nhân tạo tại Trường đại học Đông Á để nắm lấy cơ hội có thu nhập nghìn USD trong tương lai.

Link xét tuyển: 

https://donga.edu.vn/tuyensinh/dang-ky/xt-theo-truc-tuyen?utm_source=sales&utm_term=uc

Trí tuệ nhân tạo, mã ngành 𝟕𝟒𝟖𝟎𝟏𝟎𝟕

 #AI #Trituenhantao #DaiHocDongA #UDA #VienIAD  #ArtificialIntelligence #news",,0,"06/20/2024 01:10",N/A,https://www.facebook.com/IAD.DongA/posts/pfbid036PiN2vBCPeJJHY1rSvfM1z9xe8LR5VzhugbViND8XWQChiVHL78dfwpbAeZM33EFl,0,0,Ảnh,,,,,"Trọn đời",2303,1850,136,113,13,10,166,74,91,1,,,,,,
966855932111870,100063624155619,"Viện Nghiên cứu Quốc tế về Trí tuệ nhân tạo và Khoa học dữ liệu","𝑮𝒐𝒐𝒅 𝒏𝒆𝒘𝒔 𝒇𝒐𝒓 𝑰𝑨𝑫 - 𝒐𝒏𝒆 𝒐𝒇 𝒕𝒉𝒆 35 𝒑𝒓𝒐𝒋𝒆𝒄𝒕𝒔 𝒔𝒆𝒍𝒆𝒄𝒕𝒆𝒅 𝒕𝒐 𝒑𝒂𝒓𝒕𝒊𝒄𝒊𝒑𝒂𝒕𝒆 𝒊𝒏 𝒕𝒉𝒆 𝑺𝑻𝑰𝑪 𝑹𝒆𝒔𝒆𝒂𝒓𝒄𝒉 𝒂𝒏𝒅 𝑷𝒖𝒃𝒍𝒊𝒔𝒉𝒊𝒏𝒈 𝑺𝒆𝒆𝒅 𝑮𝒓𝒂𝒏𝒕 𝒄𝒐𝒎𝒑𝒆𝒕𝒊𝒕𝒊𝒐𝒏!
On June 12th, IAD received a notification email that our project is one of the 35 projects that passed the preliminary round of the STIC Research and Publishing Seed Grant competition.
On Jun 12, 2024, Dr. Quoc Thong NGUYEN, Director of IAD and also PI of our STIC project, received a notification email that our project was selected for the STIC Communication Workshop 2024 and will be presented at the STIC Research and Publishing Seed Grant competition on the next July, 2024 in Lao.

https://iad.donga.edu.vn/detail/good-news-for-iad---one-of-the-35-projects-selected-to-participate-in-the-stic-research-and-publishing-seed-grant-competition-36155",,0,"06/17/2024 00:29",N/A,https://www.facebook.com/IAD.DongA/posts/pfbid025KFGYDNGo7ajUGWJ9rgbn8PpGJJNP1PMiiqr8XbAC1fXQjc8u7jP83N5zwvJy1ZQl,0,1,Ảnh,,,,,"Trọn đời",122,105,4,4,0,0,2,2,,,,,,,,
964873905643406,100063624155619,"Viện Nghiên cứu Quốc tế về Trí tuệ nhân tạo và Khoa học dữ liệu","Chọn Đại học Đông Á,
TĂNG cơ hội thành công, GIẢM gánh lo gia đình!",,0,"06/13/2024 23:52",N/A,https://www.facebook.com/IAD.DongA/posts/pfbid02WFWvTNxm2sJZh9XZh2b5fkZTRLfyjffbgiSnpcDadNPZa71hR3GB4nVFG4ynZJt3l,0,1,Ảnh,,,,,"Trọn đời",73,62,3,3,0,0,1,,1,,,,,,,
964198629044267,100063624155619,"Viện Nghiên cứu Quốc tế về Trí tuệ nhân tạo và Khoa học dữ liệu","Chúc mừng các thành viên trong team dự án của Viện Nghiên cứu Quốc tế về Trí tuệ nhân tạo và Khoa học dữ liệu Đã vượt qua vòng loại để trở thành 1 trong 35 dự án được U.S.-ASEAN Science, Technology, and Innovation Cooperation (STIC) Program lựa chọn trong Khu Vực Đông Nam Á . Dự án sẽ được trình bày tại Viêng Chăn - Lào vào ngày 17-19/7/2024",,0,"06/12/2024 23:57",N/A,https://www.facebook.com/IAD.DongA/posts/pfbid07HNaUTc2DL2iZskyY9SL6devqP57RQfemUeYfzB7XNx8VQqAM14bqXWPJh8mmcuXl,0,1,Ảnh,,,,,"Trọn đời",121,109,4,4,0,0,7,1,6,,,,,,,
964198342377629,100063624155619,"Viện Nghiên cứu Quốc tế về Trí tuệ nhân tạo và Khoa học dữ liệu",,,0,"06/12/2024 23:57",N/A,https://www.facebook.com/IAD.DongA/posts/pfbid02a5sJQmxoMVMoMgT8mwe21gB3LBUia8QttRTzdUfoMjkU5gAWX92RBQh7MLY7CtPBl,0,1,Ảnh,,,,,"Trọn đời",88,77,1,1,0,0,5,3,2,,,,,,,
962961982501265,100063624155619,"Viện Nghiên cứu Quốc tế về Trí tuệ nhân tạo và Khoa học dữ liệu","Lễ tốt nghiệp và trao bằng kỹ sư, cử nhân năm 2024 Đại học Đông Á ❤",,0,"06/11/2024 02:34",N/A,https://www.facebook.com/IAD.DongA/posts/pfbid02tWNymgHkXAZQUZwgvKKRAxyrzLmY2trvdDvib1fxso6mBgvPDkmKuFXCNx5w1MnEl,0,1,Ảnh,,,,,"Trọn đời",72,62,1,1,0,0,1,1,,,,,,,,
962953542502109,100063624155619,"Viện Nghiên cứu Quốc tế về Trí tuệ nhân tạo và Khoa học dữ liệu","Lễ tốt nghiệp và trao bằng kỹ sư, cử nhân năm 2024 Đại học Đông Á ❤",,0,"06/11/2024 02:15",N/A,https://www.facebook.com/IAD.DongA/posts/pfbid0R28b4MZucTdK7yYoGo2QaMGNB7eGtSE5HHU7ggwBMC76rj3fgqUHkwZqbCwgsuzzl,0,1,Ảnh,,,,,"Trọn đời",59,50,1,1,0,0,2,2,,,,,,,,
962953309168799,100063624155619,"Viện Nghiên cứu Quốc tế về Trí tuệ nhân tạo và Khoa học dữ liệu","RoboTech Future 2024: khi công nghệ vi mạch–bán dẫn vào sân chơi học thuật sáng tạo của SV UDA 🎊",,0,"06/11/2024 02:15",N/A,https://www.facebook.com/IAD.DongA/posts/pfbid0k8wag3PhM9kKD9NCjWL88uvuieAvcdN3KfrTFDk1STioFAcRUFQQTpSGMoPiYfy7l,0,1,Ảnh,,,,,"Trọn đời",50,43,1,1,0,0,2,1,1,,,,,,,
960129766117820,100063624155619,"Viện Nghiên cứu Quốc tế về Trí tuệ nhân tạo và Khoa học dữ liệu","Háo hức chờ ngày 8, 9/6 tại UDA <3 <3 <3",,0,"06/06/2024 19:24",N/A,https://www.facebook.com/IAD.DongA/posts/pfbid02qMLtC1MUaEUhZWuBkf6JzZW4BWUuqPH2khAtSBZiF78faKouvdBgMw9uvTCqxkvjl,0,1,Ảnh,,,,,"Trọn đời",64,58,1,1,0,0,7,4,3,,,,,,,
958752836255513,100063624155619,"Viện Nghiên cứu Quốc tế về Trí tuệ nhân tạo và Khoa học dữ liệu","𝑻𝒓𝒖𝒏𝒈 𝑸𝒖𝒐̂́𝒄 𝒍𝒂̣𝒊 𝒃𝒊̣ 𝒃𝒐̉ 𝒙𝒂 𝒕𝒓𝒐𝒏𝒈 𝒄𝒖𝒐̣̂𝒄 đ𝒖𝒂 𝒃𝒂́𝒏 𝒅𝒂̂̃𝒏

Với cam kết mỗi năm ra mắt một thế hệ chip AI tiên tiến mới của Nvidia, khoảng cách giữa Trung Quốc và Mỹ trong cuộc đua bán dẫn càng nới rộng.
Trong bài phát biểu hôm 2/6 trước khi triển lãm Computex 2024 khai mạc, Jensen Huang – CEO hãng bán dẫn giá trị nhất thế giới Nvidia – tuyên bố máy tính ""không chỉ là công cụ để lưu trữ thông tin hoặc xử lý dữ liệu, mà còn là một nhà máy để tạo ra thông tin cho mọi ngành công nghiệp"".

Nvidia có kế hoạch nâng cấp các chip AI hàng đầu mỗi năm một lần. Blackwell Ultra – chip AI thế hệ tiếp theo – dự kiến phát hành vào năm 2025, thay thế cho Blackwell vừa công bố hồi tháng 3. Trong khi đó, Blackwell đến quý III mới về tay khách hàng và chỉ chiếm chưa đến 10% thị trường bộ xử lý đồ họa (GPU) cao cấp, theo công ty nghiên cứu TrendForce.

""Nvidia đang chủ động thúc đẩy các công nghệ AI của mình để đáp ứng nhu cầu toàn cầu"", Arisa Liu, Giám đốc nghiên cứu chất bán dẫn tại Viện Nghiên cứu Kinh tế Đài Loan (Trung Quốc), cho biết thêm rằng kiến trúc chip mới của Nvidia, Rubin, sẽ sản xuất trên quy trình 4nm của xưởng đúc TSMC. TSMC là đơn vị lắp ráp hoặc sản xuất nhiều chất bán dẫn, máy chủ quan trọng trong cuộc đua AI.
Nvidia đang trên đà vượt qua Apple trở thành hãng công nghệ giá trị thứ hai thế giới. Cổ phiếu của hãng đã tăng hơn 120% từ đầu năm nay. Tuy nhiên, mảng kinh doanh của họ tại Trung Quốc lại đối mặt với những thách thức gia tăng trong bối cảnh Mỹ hạn chế xuất khẩu công nghệ bán dẫn tiên tiến và cạnh tranh ngày càng khốc liệt từ các công ty địa phương do Huawei dẫn đầu.

Dòng Blackwell mạnh nhất của Nvidia, bao gồm B100, B200 và GB200, có mặt trong danh sách các mẫu GPU bị Mỹ cấm vận chuyển đến Trung Quốc, thị trường lớn thứ ba của công ty tính theo doanh thu năm 2023.

Các nhà phân tích và chuyên gia trong ngành nhận định, lệnh cấm vận của Washington và tiến bộ công nghệ của Nvidia đẩy Trung Quốc tụt hậu hơn nữa trong cơ sở hạ tầng AI. Dù Bắc Kinh tiếp tục rót 344 tỷ NDT để thúc đẩy tự chủ, sự hạn chế về GPU, khả năng tiếp cận công nghệ sản xuất chip tiên tiến và hệ sinh thái phần mềm kém phát triển gây khó khăn cho việc dựa vào các giải pháp AI trong nước.

Nguồn: Baomoi.com
https://baomoi.com/trung-quoc-lai-bi-bo-xa-trong-cuoc-dua-ban-dan-c49285569.epi",,0,"06/04/2024 18:57",N/A,https://www.facebook.com/IAD.DongA/posts/pfbid021S4CdYk6LS4KSen76iCuHeUMrtWu4jEb1GzvMUiemhk47XthYm7dpgR61BqNioLgl,0,0,"Liên kết",,,,,"Trọn đời",40,33,4,4,0,0,0,,,,,,,,,
958726692924794,100063624155619,"Viện Nghiên cứu Quốc tế về Trí tuệ nhân tạo và Khoa học dữ liệu","Sinh viên năm 2 Đại học Đông Á tỏa sáng tại Cuộc thi “Nhịp cầu Hán ngữ” toàn quốc lần thứ 23 ☘
Với sự tự tin, bản lĩnh thể hiện kiến thức và kỹ năng trên sân khấu cùng sự điêu luyện trong kỹ thuật trình diễn đàn tranh và tài năng múa, thí sinh Nguyễn Đoàn Thảo Nguyên - sinh viên khoa Ngôn ngữ và Văn hoá Trung Quốc Đại học Đông Á đã mang về giải Khuyến khích chung cuộc.
---
https://donga.edu.vn/.../nu-sinh-nam-2-dai-hoc-dong-a-toa...",,0,"06/04/2024 17:52",N/A,https://www.facebook.com/IAD.DongA/posts/pfbid024PWrCW3A39KyMTCo33y9MBYueDeGiL1QbAi5ZUqdqVH1iX66dse5EpVUsCCqTwVAl,0,1,Ảnh,,,,,"Trọn đời",41,35,1,1,0,0,0,,,,,,,,,
958726439591486,100063624155619,"Viện Nghiên cứu Quốc tế về Trí tuệ nhân tạo và Khoa học dữ liệu","Doanh nghiệp Nhật ""bật mí"" với sinh viên ĐH Đông Á chiến lược và kỹ năng tìm việc hiệu quả 🎊
Ông Ozeki Takahiro - Tổng giám đốc Công ty Sekisho Việt Nam, đơn vị trực thuộc tập đoàn Sekisho Nhật Bản, trực tiếp làm diễn giả. 
Chương trình lần này được dành riêng cho sinh viên ngành Ngôn ngữ Nhật và khối Kỹ thuật - Công nghệ của Đại học Đông Á.",,0,"06/04/2024 17:52",N/A,https://www.facebook.com/IAD.DongA/posts/pfbid02NDdFyZd6mVNwXgXm5XrZCfV9w5hFWWN1ntT3xmk7cqnaHuV5aDD5VF2cZEgdx7Rbl,0,1,Ảnh,,,,,"Trọn đời",75,71,1,1,0,0,2,2,,,,,,,,
958725029591627,100063624155619,"Viện Nghiên cứu Quốc tế về Trí tuệ nhân tạo và Khoa học dữ liệu","🥰 Sinh viên Đại học Đông Á là đại diện Việt Nam dự thi ""Hùng biện tiếng Hàn thế giới lần thứ 28"" 🥰
Chúc mừng
🍀 2 sinh viên năm 3 Trần Thị Ánh Nguyệt & Nguyễn Thị Trang đã giành giải nhất Cuộc thi Hùng biện tiếng Hàn toàn Việt Nam 2024 (hạng mục tập thể). 
🍀 Và sinh viên năm 2 Nguyễn Thị Xuân Ni đã giành giải ba Cuộc thi Hùng biện tiếng Hàn toàn Việt Nam 2024 (hạng mục cá nhân)
❤️ Và cả 3 sinh viên này sẽ đại diện Việt Nam thi Hùng biện tiếng Hàn thế giới sẽ diễn ra tại Lào vào tháng 08/2024 (ở hạng mục tập thể). 
❤️ Rất nhiều giám khảo, quý thầy cô & đại biểu Hàn Quốc & Việt Nam đã đánh giá rất cao khả năng tiếng Hàn, sự tự tin của sinh viên & sự tận tâm của đội ngũ giảng viên ngành Ngôn ngữ Hàn Quốc, trường Đại học Đông Á",,0,"06/04/2024 17:48",N/A,https://www.facebook.com/IAD.DongA/posts/pfbid02f81FQusvjsqWPbMZpm3hy4ShQkkeFdepwyw9ZVvdaD7v8Bcr77PMDcsKanBUr5gvl,0,1,Ảnh,,,,,"Trọn đời",78,75,1,1,0,0,0,,,,,,,,,
955497116581085,100063624155619,"Viện Nghiên cứu Quốc tế về Trí tuệ nhân tạo và Khoa học dữ liệu","""Bản hùng ca non nước"" - Chương trình xuất sắc tại Liên hoan NTQC LLVT, Thanh niên và sinh viên toàn quốc lần thứ X, 2024-KV II
🎊 Chúc mừng chương trình nghệ thuật mang chủ đề ""Bản hùng ca non nước"" gồm 6 tiết mục đặc sắc, do gần 50 ""diễn viên"" là giảng viên, cán bộ, sinh viên Đại học Đông Á kết hợp cùng các đơn vị kết nghĩa đã mang về ""chương trình xuất sắc"" toàn đoàn cùng 6 tiết mục trình diễn đều đạt giải A, B dành cho tiết mục xuất sắc, tiết mục có chất lượng tốt tham gia liên hoan. 🎊
👉 Đó là 3 Giải A dành cho: Ca múa: “Hồn Việt”, Múa độc lập: “Lời thề giữ biển” và Hát múa: Mashup “Sắc màu quê hương, Tôi yêu Tổ quốc Tôi, 80 năm vang mãi bản hùng ca”. 
👉 Cùng với 3 Giải B dành cho: Tốp ca nam: LK“Tiếng nước tôi” - “Tình ca”, Hoà tấu: “Sức sống đại ngàn” và Song ca: “Lời Bác lời của nước non”.
👉 Bên cạnh đó, tiết mục múa ""Lời thề giữ biển"" cũng vinh dự giành hạng mục ""tiết mục thể hiện xuất sắc chủ đề Biển Đảo"". 
👉 ThS. Trần Hoàng Em - trưởng đoàn Đại học Đông Á tham gia Liên hoan lần này cũng góp mặt với một giải cá nhân dành cho ""diễn viên xuất sắc"" tại liên hoan.",,0,"05/30/2024 19:35",N/A,https://www.facebook.com/IAD.DongA/posts/pfbid02dy4RBusBVTcfWXAXDqcn9msaQjn1cMMG3L2UUm5V29UVdSWMNBZfedmaDu1Cchwul,0,1,Ảnh,,,,,"Trọn đời",48,45,1,1,0,0,0,,,,,,,,,
955496616581135,100063624155619,"Viện Nghiên cứu Quốc tế về Trí tuệ nhân tạo và Khoa học dữ liệu","🎊 Hội trại truyền thống 2024: tràn ngập sắc màu sáng tạo của sinh viên Đại học Đông Á 🎊
Diễn ra trong 2 ngày 25 & 26/5 tại Trung tâm Hội chợ Triển lãm Đà Nẵng, Hội trại truyền thống “Văn hóa – Trách nhiệm người Đại học Đông Á” đã để lại những dấu ấn khó quên cho toàn thể sinh viên tham gia.
Hội trại truyền thống 2024 thu hút gần 2.500 sinh viên tham gia, được chia làm 5 cụm trại: Tiên phong - Đoàn kết - Sáng tạo - Khát vọng - Thành công với nhiều nội dung sáng tạo, ý nghĩa.",,0,"05/30/2024 19:34",N/A,https://www.facebook.com/IAD.DongA/posts/pfbid0i4GL7L3qLiJNzoCVexi52YZsafNYDzKpZAUXrtKFeCzXwDNZVM5Nc4ARtMD8yHbDl,0,1,Ảnh,,,,,"Trọn đời",57,54,1,1,0,0,0,,,,,,,,,
955495529914577,100063624155619,"Viện Nghiên cứu Quốc tế về Trí tuệ nhân tạo và Khoa học dữ liệu","Cầu nối việc làm cho sinh viên Đại học Đông Á tiếp tục rộng mở với ký kết Hualida Việt Nam
Tại chương trình, công ty TNHH May mặc Hoa Lợi Đạt cũng đã tiến hành phỏng vấn tuyển dụng trực tiếp dành cho ứng viên là sinh viên năm cuối ngành Ngôn ngữ Trung Quốc Đại học Đông Á.
---",,0,"05/30/2024 19:32",N/A,https://www.facebook.com/IAD.DongA/posts/pfbid02R4XuSputSigV5puDzPKYcBr3WwWEmN56TjaCQumSDbHUaQ94aNvnwprjDyiXCdEGl,0,1,Ảnh,,,,,"Trọn đời",70,64,1,1,0,0,3,2,1,,,,,,,
951407240323406,100063624155619,"Viện Nghiên cứu Quốc tế về Trí tuệ nhân tạo và Khoa học dữ liệu","Chúc mừng các em: Victoire Barchemin, Eugénie Duffaut, Emma Tronel, Apsara Chea, Thelma Dominici đã hoàn thành học kỳ quốc tế tại UDA!!!
Xin chào và hẹn gặp lại các bạn SV Pháp vào 1 ngày không xa!!! 💥🥳🥳💥",,0,"05/24/2024 20:55",N/A,https://www.facebook.com/IAD.DongA/posts/pfbid023MLiGqBLWH3QAbREmqRjciEwEsYzyPajqFzFwXcFEC3Z8G2UAWfywM95V2aEbiUal,0,1,Ảnh,,,,,"Trọn đời",111,104,5,5,0,0,7,5,2,,,,,,,
947814327349364,100063624155619,"Viện Nghiên cứu Quốc tế về Trí tuệ nhân tạo và Khoa học dữ liệu","Chúc mừng nghiên cứu sinh Trần Kim Đức - Phó Viện trưởng thường trực, Viện Nghiên cứu quốc tế về Trí tuệ nhân tạo và Khoa học dữ liệu Đại học Đông Á - IAD vừa được UBND thành phố Đà Nẵng khen thưởng thành tích xuất sắc trong hoạt động khoa học công nghệ và khởi nghiệp, đổi mới sáng tạo. 🎊
Bằng khen được dành cho NCS Trần Kim Đức ở hạng mục: tác giả có bài báo khoa học xuất sắc được công bố trên các tạp chí khoa học uy tín. ☘",,0,"05/19/2024 19:12",N/A,https://www.facebook.com/IAD.DongA/posts/pfbid0xLJ76ioxQ3ABj8sACJjMxjiQfBEK3hLV7AtmtedRQRQT46GN54vW5mQjFvuVgwF4l,0,1,Ảnh,,,,,"Trọn đời",63,56,2,2,0,0,1,1,,,,,,,,
946500554147408,100063624155619,"Viện Nghiên cứu Quốc tế về Trí tuệ nhân tạo và Khoa học dữ liệu","AI (trí tuệ nhân tạo) – được ứng dụng trong sàng lọc và phát hiện sớm các tổn thương của phổi, trong đó có ung thư phổi.

",,0,"05/18/2024 00:00",N/A,https://www.facebook.com/IAD.DongA/posts/pfbid0WY1RHyBnoiXnXvNTgSe1ydsR4xuHontgeEzfsm6UVwTLpnngZQpqxWR4hy4P75gZl,0,0,"Liên kết",,,,,"Trọn đời",31,26,2,2,0,0,0,,,,,,,,,
945101030954027,100063624155619,"Viện Nghiên cứu Quốc tế về Trí tuệ nhân tạo và Khoa học dữ liệu","Chúc mừng Nghiên cứu sinh Trần Kim Đức - Phó viện trưởng thường trực của Viện IAD đã được UBND Thành phố Đà Nẵng khen thưởng với thành tích xuất sắc trong nghiên cứu khoa học trong dịp kỷ niệm Ngày Khoa học và Công nghệ Việt Nam (18/5).

Trong năm 2023 - 2024, chỉ có 47 bài được khen thưởng thấp hơn so với các năm trước và 314 số bài đã không đủ điều kiện để được khen thưởng. Sự quan tâm của thành phố về khoa học công nghệ là tin vui của người làm nghiên cứu khoa học bởi những nỗ lực miệt mài suốt những năm tháng thực hiện của họ được công nhận xứng đáng. 

Sự khen thưởng trên cũng vừa là nguồn cảm hứng, động lực cho các nghiên cứu viên trẻ tại Viện tiếp tục phấn đấu, nỗ lực nhiều hơn để tạo ra những giá trị khoa học, đóng góp cho thành phố. 

Viện IAD cũng rất vui và hãnh diện vì có nhiều nghiên cứu xuất sắc đã được khen thưởng từ UBND TP Đà Nẵng từ năm 2020 - 2024. 

Nguồn: 
https://donga.edu.vn/Moi-truong-hoc-tap/moi-truong-ht-chi-tiet/dai-hoc-dong-a-co-tac-gia-bai-bao-khoa-hoc-xuat-sac-duoc-tp-da-nang-tang-bang-khen-trong-hoat-dong-khcn-35944

https://dost.danang.gov.vn/chi-tiet-tin-tuc?dinhdanh=6820608&cat=0",,0,"05/16/2024 03:58",N/A,https://www.facebook.com/IAD.DongA/posts/pfbid054HYZfsK3Ch7jsn9puKwNMUXZvthiNPzMYFD1aFtPsdnLyYFJ2GamAANYN7GG7evl,0,0,Ảnh,,,,,"Trọn đời",245,228,12,11,1,0,38,27,10,1,,,,,,
942781781185952,100063624155619,"Viện Nghiên cứu Quốc tế về Trí tuệ nhân tạo và Khoa học dữ liệu","[𝐓𝐮𝐲𝐞̂̉𝐧 𝐝𝐮̣𝐧𝐠_Đ𝐚̀ 𝐍𝐚̆̃𝐧𝐠]
------------------------------------------
Viện Nghiên cứu quốc tế về Trí tuệ nhân tạo và Khoa học dữ liệu (IAD), ĐH Đông Á tuyển dụng: 
#Vị_trí: Nghiên cứu viên cơ hữu tại IAD, ĐH Đông Á, Đà Nẵng.
#Mức_lương: Thoả thuận theo năng lực. 
#Mô_tả_công_việc:
- Tham gia viết và thực hiện các dự án/đề tài trong - ngoài nước của Viện IAD và trường ĐH Đông Á.
- Tham gia nghiên cứu & xuất bản kết quả trên các tạp chí SCI.
- Tham gia trình bày tại các Hội nghị quốc tế.
- Tham gia các dự án chuyển giao công nghệ của Viện IAD & trường ĐH Đông Á.
- Tổ chức các sự kiện nghiên cứu khoa học, hội nghị, hội thảo về lĩnh vực AI-DS.
- Khuyến khích tham gia giảng dạy (có thu nhập bổ sung).
- Chi tiết công việc sẽ được trao đổi thêm lúc phỏng vấn.
#Yêu_cầu:
- Sinh viên đã tốt nghiệp vào năm 2023/ Cử nhân/ Kỹ sư/ Thạc sĩ/ Tiến sĩ.
- Chuyên ngành: Trí tuệ nhân tạo/ Khoa học dữ liệu/ Công nghệ thông tin/ Tin học công nghiệp/ Tự động hóa / Điện – Điện tử / Sản xuất tự động/ Toán thống kê/ Tài chính.
- Thông thạo tiếng Anh (Ưu tiên có IELTS 6.0 trở lên).
- Lập trình tốt trên Python và R.
- Kiến thức thống kê/toán ứng dụng tốt.
- Có kiến thức về Machine Learning.
- Năng động và có khả năng làm việc nhóm.
- Ứng viên có kinh nghiệm giảng dạy/trợ giảng tại các trường Đại học, Cao đẳng là lợi thế.
- Ứng viên là Kỹ Sư chương trình Việt – Pháp (P.F.I.E.V) là lợi thế.
hashtag
#Quyền_lợi:
- Trong vòng 𝐡𝐚𝐢 𝐧𝐚̆𝐦 kể từ ngày ký hợp đồng, ứng viên giỏi sẽ có cơ hội được cử đi làm Thạc sĩ/Tiến sĩ/Sau Tiến sĩ tại châu Âu.
- Được hưởng đầy đủ quyền lợi của một cán bộ thuộc Đại học Đông Á.
#Ứng_viên vui lòng gửi CV ứng tuyển về email: iad@donga.edu.vn, tiêu đề: 
Ứng tuyển vị trí Nghiên cứu viên – [Họ & Tên].
#Deadline: 𝟑𝟎/𝟎𝟓/𝟐𝟎𝟐𝟒 𝐡𝐨𝐚̣̆𝐜 đ𝐞̂́𝐧 𝐤𝐡𝐢 𝐭𝐮𝐲𝐞̂̉𝐧 đ𝐮̉.
------------------------------------------
Viện Nghiên cứu quốc tế về Trí tuệ nhân tạo và Khoa học dữ liệu (IAD), tiền thân là Bộ phận Trí tuệ nhân tạo, được thành lập vào năm 2017 bởi Đại học Đông Á. 
- IAD tập trung vào việc nghiên cứu, phát triển các phương pháp mới trong Trí tuệ nhân tạo và Khoa học dữ liệu (TTNT & KHDL). 
- IAD đặt mục tiêu phát triển và áp dụng các kết quả nghiên cứu trong lĩnh vực TTNT & KHDL vào thực tế tại Việt Nam và hợp tác nghiên cứu với các nước trên thế giới.
- Hiện nay các lĩnh vực nghiên cứu của IAD tập trung vào 4 trục chính:
a) Khoa học dữ liệu
b) Trí tuệ nhân tạo trong Sản xuất thông minh
c) Trí tuệ nhân tạo trong Chăm sóc sức khỏe
d) Trí tuệ nhân tạo trong Kinh doanh và Tài chính

#Tìm_hiểu thêm thông tin của Viện IAD tại:
- Website: https://iad.donga.edu.vn/
- Fanpage: https://lnkd.in/dCiEUrMd",,0,"05/13/2024 00:27",N/A,https://www.facebook.com/IAD.DongA/posts/pfbid02mDdNNPMGeAnfEcWJvRJXgm6Ps8ygLgGNqPZZgNQ7dcX5kQYSTe647ain2iMiMaVxl,0,0,Ảnh,,,,,"Trọn đời",222,193,13,8,3,2,8,1,5,2,,,,,,
939031121561018,100063624155619,"Viện Nghiên cứu Quốc tế về Trí tuệ nhân tạo và Khoa học dữ liệu",,,0,"05/07/2024 18:35",N/A,https://www.facebook.com/IAD.DongA/posts/pfbid0DtGD9n4mEgfZMZRZhkWR93GKeDdWTrzx2eqEZRNcsmcvhtgG2KmQve755utPt6cal,0,1,Ảnh,,,,,"Trọn đời",51,41,3,3,0,0,1,1,,,,,,,,
939026381561492,100063624155619,"Viện Nghiên cứu Quốc tế về Trí tuệ nhân tạo và Khoa học dữ liệu",,,0,"05/07/2024 18:24",N/A,https://www.facebook.com/IAD.DongA/posts/pfbid02Z8PXwpZHjw2FrLCa5SspkVueELPFHUXQUK9EcsZsyg98vSWG8P7nQ4PW348qBP3il,0,1,Ảnh,,,,,"Trọn đời",32,25,3,2,1,0,0,,,,,,,,,
938368888293908,100063624155619,"Viện Nghiên cứu Quốc tế về Trí tuệ nhân tạo và Khoa học dữ liệu","CÁC MỐC QUAN TRỌNG TRONG XÉT TUYỂN ĐẠI HỌC 2024 👉 BẤM LƯU HÌNH ẢNH NGAY VÀ LUÔN ĐỂ KHÔNG BỎ LỠ THỜI GIAN #2K6 NHÉ 💚💚💚",,0,"05/06/2024 19:22",N/A,https://www.facebook.com/IAD.DongA/posts/pfbid0F88738gU6rqJuFpGeMAQKVgpZNBMVL94tcbeVN1WyYXbynuWDFVEHCYzFtQskBXtl,0,1,Ảnh,,,,,"Trọn đời",44,38,1,1,0,0,0,,,,,,,,,
935586101905520,100063624155619,"Viện Nghiên cứu Quốc tế về Trí tuệ nhân tạo và Khoa học dữ liệu","🌸 Con đường âm nhạc - Sân chơi cuối tuần đa sắc màu của đam mê và tài năng nghệ thuật của sinh viên Đại học Đông Á 🌸",,0,"05/02/2024 19:13",N/A,https://www.facebook.com/IAD.DongA/posts/pfbid02XNw6kn3m8Fp1ArBDhcdHdRjdvXNqNEPTTZwr2zFWa4v243SaTQDZSZGmJy6V6KHEl,0,1,Video,,,,,"Trọn đời",40,36,1,1,0,0,0,,,,,,,,,
935585785238885,100063624155619,"Viện Nghiên cứu Quốc tế về Trí tuệ nhân tạo và Khoa học dữ liệu","Đại học Đông Á - Viện Công nghệ Kirirom, Campuchia ký hợp tác đào tạo và nghiên cứu 🎊",,0,"05/02/2024 19:13",N/A,https://www.facebook.com/IAD.DongA/posts/pfbid0cVz822BotCTm4Mq3r8ydDiFy7bku2xkBG64GGNUUPTnaQRii3DPga9hFHMtYXzQFl,0,1,Ảnh,,,,,"Trọn đời",56,50,3,3,0,0,0,,,,,,,,,
930814802382650,100063624155619,"Viện Nghiên cứu Quốc tế về Trí tuệ nhân tạo và Khoa học dữ liệu",,,0,"04/26/2024 02:07",N/A,https://www.facebook.com/IAD.DongA/posts/pfbid02EMTPSFjaohTnpyG2SiUgGzZSjoUpVL4c12KaTiDbbHEmfDE1TSs23wPy5kn9eLttl,0,1,"Thước phim",,,,,"Trọn đời",,,,0,0,0,0,,,,,,,,,
930814279049369,100063624155619,"Viện Nghiên cứu Quốc tế về Trí tuệ nhân tạo và Khoa học dữ liệu","#2K6 Chuyên Lê Quý Đôn hào hứng tìm hiểu cách ""săn"" Học bổng Hoa Anh Đào 
Hơn 10 hạng mục Học bổng Hoa Anh Đào sẵn sàng chờ các bạn chinh phục trong kỳ xét tuyển năm 2024 cho 40+ ngành học. Cùng Đông Á chắp cánh vươn cao, nhẹ gánh lo gia đình trước ngưỡng cửa giảng đường Đại học. 
#HocbongHoaAnhDao #DaihocDongA #TuyensinhDongA #DongAUnitour
-----------------
Chọn Đại học Đông Á, 
Tăng cơ hội thành công, Giảm gánh lo gia đình 
🌸 TRỤ SỞ TẠI ĐÀ NẴNG: 33 Xô Viết Nghệ Tĩnh, Q. Hải Châu 
🌸 PHÂN HIỆU ĐẮK LẮK: 40 Phạm Hùng, TP. Buôn Ma Thuột
☎  Hotline: 0236 3519 991",,0,"04/26/2024 02:06",N/A,https://www.facebook.com/IAD.DongA/posts/pfbid02j1dgHdAJkc3NrbhYd4SfyGUyZJK7boWZBm9zZnHFSVckMwdU54s1To3aySQ7UKmgl,0,1,Ảnh,,,,,"Trọn đời",99,92,3,3,0,0,9,9,,,,,,,,
930800799050717,100063624155619,"Viện Nghiên cứu Quốc tế về Trí tuệ nhân tạo và Khoa học dữ liệu","[Giao lưu quốc tế]
🎊 Sôi động các chương trình giao lưu, trao đổi học thuật giữa Đại học Đông Á với các đại học Thái Lan 🎊
🎐 Trong 4 tháng đầu năm 2024, Đại học Đông Á liên tục đón các trường đại học đến từ Thái Lan sang giao lưu và trao đổi kinh nghiệm. 
🎐 Gần đây nhất, trường đã có buổi gặp mặt với các đoàn Đại học North Chiang Mai, Đại học Kamphaeng Phet Rajabhat vào ngày 22 và 24/4.
---",,0,"04/26/2024 01:36",N/A,https://www.facebook.com/IAD.DongA/posts/pfbid02CiDxCHy1RpB5p6wFLP1PbHGAa3gymHX52En6C8Unim1GiCTpw6Vy97We1Tg5pAzhl,0,1,Ảnh,,,,,"Trọn đời",62,56,1,1,0,0,3,3,,,,,,,,
927718349358962,100063624155619,"Viện Nghiên cứu Quốc tế về Trí tuệ nhân tạo và Khoa học dữ liệu","Đ𝐎̂𝐍𝐆 𝐀́ 𝐔𝐍𝐈𝐓𝐎𝐔𝐑 𝟐𝟎𝟐𝟒: 𝐂𝐔̛̣𝐔 𝐏𝐂𝐓𝐞𝐫𝐬 𝐕𝐄̂̀ 𝐓𝐑𝐔̛𝐎̛̀𝐍𝐆 𝐂𝐔̀𝐍𝐆 𝐂𝐀́𝐂 𝐄𝐌 𝐗𝐈𝐍𝐇 𝐘𝐄̂𝐔 𝐓𝐑𝐔̛𝐎̛̀𝐍𝐆 𝐏𝐇𝐀𝐍 𝐊𝐇𝐀́𝐌 𝐏𝐇𝐀́ ""𝐕𝐔̃ 𝐓𝐑𝐔̣ 𝐍𝐆𝐀̀𝐍𝐇 𝐇𝐎̣𝐂 𝐔𝐃𝐀"" 
Không nói là nhân dịp Đông Á Unitour nên chúng mình tranh thủ về thăm trường đâu nha. Để giúp các em hậu bối “học ngành mình thích và thích ngành mình học” trong môi trường năng động hết nấc ngay tại Đà Nẵng, các anh chị cựu học sinh Phan Châu Trinh nay là Cán bộ, Giảng viên Đông Á, đã có 1 chuyến đột kích lớp học và đoàn tụ thành công về mái trường xưa.
Đại học Đông Á sẵn sàng chào đón sinh viên tương lai với hơn 40 ngành học từ khối Ngôn ngữ, Kinh doanh & Quản lý, Kỹ thuật, Sức khỏe, Dược, Điều dưỡng, Luật, Du lịch - Khách sạn - Nhà hàng. Vô vàn cơ hội học bổng Hoa Anh Đào và lựa chọn ngành để team 2K6 theo đuổi ước mơ! 
Cùng nhìn lại những khoảnh khắc đáng yêu của team UDA-ers và các bạn 2K6 của trường THPT Phan Châu Trinh trong buổi định hướng nghề nghiệp để TĂNG cơ hội thành công, GIẢM gánh lo gia đình!
#tuyensinhdonga #daihocdonga #tuvantuyensinh #HocBongHoaAnhDao #dongaunitour2024 #Unitour
-----------------
ĐẠI HỌC ĐÔNG Á - UDA
TẠO DỰNG CON ĐƯỜNG THÀNH CÔNG
🌸 UDA ĐÀ NẴNG: 33 Xô Viết Nghệ Tĩnh, Q. Hải Châu
🌸 UDA ĐẮK LẮK: 40 Phạm Hùng, TP. Buôn Ma Thuột
 ☎  Hotline: 0236 3519 991",,0,"04/21/2024 18:55",N/A,https://www.facebook.com/IAD.DongA/posts/pfbid02YwaT3kqbqEVjUCUNjq6Wv5Mt8sTVeqTY9kVGA2GRPmidGV4jppgFM9kSi2TLBpxPl,0,1,Ảnh,,,,,"Trọn đời",64,56,6,5,1,0,5,4,1,,,,,,,
923675809763216,100063624155619,"Viện Nghiên cứu Quốc tế về Trí tuệ nhân tạo và Khoa học dữ liệu","Ngày đầu ra quân Tuyển sinh tại Đà Nẵng!!!!",,0,"04/16/2024 00:58",N/A,https://www.facebook.com/IAD.DongA/posts/pfbid02uJuLr1ok1EDjLac97N1KpfibFrit78iKBC1oVYfQsxR1xYU1EXd26eFr8LboZdvGl,0,1,Ảnh,,,,,"Trọn đời",50,41,2,2,0,0,4,3,1,,,,,,,
923675486429915,100063624155619,"Viện Nghiên cứu Quốc tế về Trí tuệ nhân tạo và Khoa học dữ liệu","Khám phá tương lai công nghệ với ngành Trí tuệ nhân tạo, nơi sáng tạo không giới hạn và cơ hội thay đổi thế giới ngay tại đầu ngón tay bạn. Nếu bạn đam mê sự kết hợp giữa phần cứng và phần mềm, chuyên ngành Thiết kế IC và Hệ thống Nhúng là lựa chọn không thể hoàn hảo hơn. Gia nhập ĐẠI HỌC ĐÔNG Á chúng tôi để trở thành những nhà phát minh công nghệ tiếp theo, định hình tương lai thông minh hơn và an toàn hơn. Các bạn còn có cơ hội đi thực tập, làm việc tại Châu Âu và Đài Loan  
THÔNG TIN TUYÊN SINH 2024 - ĐẠI HỌC ĐÔNG Á 
# 38 ngành tuyển sinh tại cơ sở chính Đại học Đông Á Đà Nẵng
# 24 ngành tuyển sinh tại Đại học Đông Á - Phân hiệu  Đắk Lắk
Với #4 phương thức xét tuyển:
1. Xét theo học bạ điểm tổng kết 3 học kỳ (Học kỳ 1 + Học kỳ 2) lớp 11 và  học kỳ 1 lớp 12
2. Xét tuyển điểm tổng kết cả năm lớp 12
3. Xét tuyển dựa vào kết quả thi THPT Quốc gia 
4. Xét tuyển dựa vào kết quả đánh giá năng lực Đại học Quốc Gia TP Hồ Chí Minh 
Đăng ký xét tuyển tại link : https://donga.edu.vn/tuyensinh/dang-ky/xt-theo-truc-tuyen
#daihocdonga #tuyensinh2024 #xetuyenhocba #nganhtuyensinh #hocphi #DaihocDongA #thuctapdailoan #lamviecchauau",,0,"04/16/2024 00:57",N/A,https://www.facebook.com/IAD.DongA/posts/pfbid031JjkWkH2hnG1pDUkh5D44VDN1C2CGF7mWH9McZqNYjdXkQ4LYEJp2Hd3Z1JCjAd3l,0,1,Ảnh,,,,,"Trọn đời",156,97,1,1,0,0,3,1,2,,,,,,,
922998483164282,100063624155619,"Viện Nghiên cứu Quốc tế về Trí tuệ nhân tạo và Khoa học dữ liệu","👉Kỹ sư vi mạch thu nhập 1,5 tỉ mỗi năm, vẫn thiếu nhân lực

Ngày 19-10, tại Hội thảo Phát triển nguồn nhân lực chất lượng cao ngành công nghiệp chip bán dẫn từ các cơ sở giáo dục đại học Việt Nam, đại diện một công ty phần mềm tiết lộ mức lương của kỹ sư vi mạch có kinh nghiệm lên đến 1,5 tỉ đồng mỗi năm.
",,0,"04/15/2024 00:21",N/A,https://www.facebook.com/IAD.DongA/posts/pfbid09tr4zKnL2BRXwZEH7S1hcbNtGg2vFv5tSEzbQBwwhJHppBAJJTApkaqAW765T35ol,0,0,"Liên kết",,,,,"Trọn đời",93,84,5,5,0,0,3,,,3,,,,,,
922906633173467,100063624155619,"Viện Nghiên cứu Quốc tế về Trí tuệ nhân tạo và Khoa học dữ liệu","Ứng dụng công nghệ điện tử và trí tuệ nhân tạo ngày càng phát triển trong nông nghiệp. 
Nguồn: (YT) VOA tiếng Việt.
#artificialintelligence #trí_tuệ_nhân_tạo #trí_thông_minh_nhân_tạo #AI #XAI #tuyển_sinh #UDA #2k6 #GenZ",,0,"04/14/2024 20:44",N/A,https://www.facebook.com/IAD.DongA/posts/pfbid0cuTyKbTMUug5YXvqbf9SydAVgv7foTcgyxvk5Qbzm1nkggcjGxq21KpvThDkUb1Zl,0,1,Video,,,,,"Trọn đời",47,40,2,2,0,0,0,,,,,,,,,
922838503180280,100063624155619,"Viện Nghiên cứu Quốc tế về Trí tuệ nhân tạo và Khoa học dữ liệu","Sự kiện Ngày hội việc làm 2024 tại Trường Đại học Đông Á lên sóng truyền hình VTV8",,0,"04/14/2024 18:28",N/A,https://www.facebook.com/IAD.DongA/posts/pfbid0coTchgarG6ApnKwqNsLaerund2iWd8qm7Y7FDdZ5MrYTw95u1tzRSYvK4v4AKbmil,0,1,Video,,,,,"Trọn đời",34,27,2,2,0,0,0,,,,,,,,,
922836863180444,100063624155619,"Viện Nghiên cứu Quốc tế về Trí tuệ nhân tạo và Khoa học dữ liệu","Sự kiện Ngày hội việc làm 2024 tại Trường Đại học Đông Á lên sóng truyền hình VTV8",,0,"04/14/2024 18:25",N/A,https://www.facebook.com/IAD.DongA/posts/pfbid02We1jstoESEFHJgUfsq8f9hGzkXBmsMSDkC9syegsQ8Y6GAmPhLQyu2qeXSr6i5Bjl,0,1,Video,,,,,"Trọn đời",31,25,2,2,0,0,0,,,,,,,,,
920951783368952,100063624155619,"Viện Nghiên cứu Quốc tế về Trí tuệ nhân tạo và Khoa học dữ liệu","Hơn 3.000 lượt phỏng vấn tuyển dụng tại Ngày hội việc làm 2024 Đại học Đông Á
Với 6.510 vị trí tuyển dụng đến từ 72 doanh nghiệp tham gia tuyển dụng nhân sự, Ngày hội việc làm 2024 cũng trở thành năm có số lượng doanh nghiệp tham gia nhiều nhất và số vị trí tuyển dụng nhiều nhất so với các kỳ NHVL trước đó.
---
https://donga.edu.vn/Moi-truong-hoc-tap/hoat-dong-sinh-vien/hssv-detail/hon-3000-luot-phong-van-tuyen-dung-tai-ngay-hoi-viec-lam-2024-dai-hoc-dong-a-35738?fbclid=IwAR1uaYAuzfuVcG6D-yD901dKdw0MUE1QLxLNLi1ELy588IxAH75zaNhhe_w_aem_AWRVEXhlpwNgr-l27DYU275CdFL1LurxNld8R2CH5DOmfGTg9NvAncwxJa6ltTqxRWYWrJ4yRyID7pv4QsU6JULr",,0,"04/12/2024 02:44",N/A,https://www.facebook.com/IAD.DongA/posts/pfbid0jUAyDL6ocrRAhtrvYwPujx2sHuZ3DGihaiSjQAxQ7yvwaq4fFmMtLw3ru4ZrUgydl,0,1,Ảnh,,,,,"Trọn đời",100,93,2,2,0,0,3,3,,,,,,,,
919542906843173,100063624155619,"Viện Nghiên cứu Quốc tế về Trí tuệ nhân tạo và Khoa học dữ liệu","[HOT] ĐH ĐÔNG Á CÔNG BỐ KẾT QUẢ XÉT TUYỂN SỚM ĐỢT 1/2024 DỰA VÀO KẾT QUẢ HỌC TẬP BẬC THPT 
Hội đồng Tuyển sinh Trường Đại học Đông Á công bố kết quả xét tuyển sớm theo điểm học bạ đợt 1 hệ Đại học Chính quy năm 2024. Mức điểm ”trúng tuyển có điều kiện” theo phương thức xét học bạ dao động từ 18 đến 24 điểm tùy ngành học, tính trên điểm tổng 3 học kỳ (HK1 Lớp 11 + HK 2 lớp 11 + HK 1 lớp 12) hoặc điểm TBC lớp 12 từ 6.0 - 8.0 đối với thí sinh tự do.  
Lưu ý: Để trúng tuyển chính thức, thí sinh cần đáp ứng các điều kiện sau: 
1️⃣ Tốt nghiệp THPT 
2️⃣ Đăng ký nguyện vọng đã trúng tuyển lên hệ thống của Bộ Giáo dục & Đào tạo 
3️⃣ Ngành trúng tuyển là nguyện vọng cao nhất trong tổng số các nguyện vọng thí sinh đăng ký vào hệ thống của nhà trường.  
📣 Tra cứu thông tin tại: https://donga.edu.vn/tuyensinh/dang-ky/tra-cuu-ho-so-xt 
-----------------
Thí sinh đủ điều kiện trúng tuyển theo phương thức xét tuyển học bạ lưu ý các mốc thời gian sau để sẵn sàng trở thành tân sinh viên UDA nhé: 
🔹Từ ngày 10/7 đến 25/7/2024 (Dự kiến): Đăng ký nguyện vọng xét tuyển trên hệ thống của Bộ GD&ĐT. 
🔹Tháng 8/2024: Đại học Đông Á hoàn thành thông báo trúng tuyển chính thức cho thí sinh. 
🔹Xét tuyển sớm bằng điểm học bạ THPT đợt 2 từ ngày 01/04 - 31/05/2024. Đăng ký trực tuyến tại: donga.edu.vn/dangky 
Chọn Đại học Đông Á,
TĂNG cơ hội thành công, GIẢM gánh lo gia đình!
#tuyensinhdonga #daihocdonga #tuvantuyensinh #HocBongHoaAnhDao
-----------------
ĐẠI HỌC ĐÔNG Á - UDA
TẠO DỰNG CON ĐƯỜNG THÀNH CÔNG
🌸 UDA ĐÀ NẴNG: 33 Xô Viết Nghệ Tĩnh, Q. Hải Châu
🌸 UDA ĐẮK LẮK: 40 Phạm Hùng, TP. Buôn Ma Thuột
☎  Hotline: 0236 3519 991",,0,"04/10/2024 01:23",N/A,https://www.facebook.com/IAD.DongA/posts/pfbid02EUE7ApXcNGFwLXd4RUetNbuWgbBM64PxuMLARNP2bBkC8e2ukUiGSMMTU7UFq8qtl,0,1,Ảnh,,,,,"Trọn đời",52,43,2,2,0,0,0,,,,,,,,,
916592443804886,100063624155619,"Viện Nghiên cứu Quốc tế về Trí tuệ nhân tạo và Khoa học dữ liệu","🎊🎐 Ngày hội việc làm 2024 Đại học Đông Á 🎐🎊
👉 Một sự kiện thường niên
👉 Lần thứ 16 được tổ chức
👉 Dành cho sinh viên tất cả các ngành Đại học Đông Á 
👉 Hơn 50 doanh nghiệp tham gia
👉 Hơn 50 phiên phỏng vấn tuyển dụng trực tiếp và online
👉 2.825 vị trí việc làm và internship trong nước và quốc tế
👉 Sẵn sàng đón hơn 3.000 lượt đăng ký và tham gia phỏng vấn
---
12/4/2024 tại Đại học Đông Á
Chào đón các bạn sinh viên gia nhập thế giới việc làm cùng Ngày hội việc làm 2024 Đại học Đông Á!",,0,"04/05/2024 19:20",N/A,https://www.facebook.com/IAD.DongA/posts/pfbid0aEAkyQDqLcnj1CvnEzh68XoEjESvwZJ7tdzGUe1x67waw2UCjwd7EoewZgmNQq6fl,0,1,Video,,,,,"Trọn đời",39,34,2,2,0,0,0,,,,,,,,,
916592103804920,100063624155619,"Viện Nghiên cứu Quốc tế về Trí tuệ nhân tạo và Khoa học dữ liệu","🎊 Sẵn sàng cho Ngày hội việc làm 2024 Đại học Đông Á 🎊
Ngày hội việc làm là hoạt động thường niên được Đại học Đông Á tổ chức ngay trước thềm Lễ tốt nghiệp hằng năm, và Ngày hội việc làm 2024 là sự kiện lần thứ 16 được Nhà trường tổ chức.",,0,"04/05/2024 19:19",N/A,https://www.facebook.com/IAD.DongA/posts/pfbid02BEGwvnzNoafxyd4Tv2vqLUAHncf8vTLXSArEG8UJkeK7MkpXs7tThgfu7EhNWxqdl,0,1,Ảnh,,,,,"Trọn đời",41,36,2,2,0,0,0,,,,,,,,,
