"ID bài viết","ID Trang","Tên Trang","Tiêu đề","Mô tả","Thời lượng (giây)","Thời gian đăng","Loại chú thích","Liên kết vĩnh viễn","Là nội dung đăng chéo","Là bài viết chia sẻ","Loại bài viết","Ngôn ngữ","Nhãn tùy chỉnh","Trạng thái nội dung được tài trợ","Bình luận về dữ liệu",Ngày,"Lượt hiển thị","Phạm vi tiếp cận","Cảm xúc, bình luận và lượt chia sẻ","Cảm xúc","Bình luận","Lượt chia sẻ","Tổng số lượt click","Lượt click vào liên kết","Lượt click khác","Tổng số lượt click của người dùng khớp với đối tượng nhắm mục tiêu (Photo Click)","Số phản hồi tiêu cực từ người dùng: Ẩn tất cả"
854411323356332,100063624155619,"Viện Nghiên cứu Quốc tế về Trí tuệ nhân tạo và Khoa học dữ liệu","ĐIỀU 𝐆𝐄𝐍𝐙 MÊ MẨN KHI CHỌN TRƯỜNG ĐẠI HỌC
Thời đại bùng nổ công nghệ, Gen Z - thế hệ được ví von là “Tắc kè hoa” bởi sự đa sắc màu trong tính cách, “đa zi năng” trong phương thức sống, học tập và làm việc sẽ chọn trường như thế nào?
🌈 Mê mẩn màu sắc và thích trải nghiệm thực tế: Khác với Gen X, lại không hề giống Gen Y, các bạn trẻ tự tin hiểu rõ bản thân, biết mình cần gì và khát khao chinh phục điều gì. Lý giải cho tư duy này xuất phát từ những đặc thù của Gen Z - thế hệ được “Tắc kè hoa” bởi sự đa sắc màu trong tính cách, đa dzi năng trong phương thức sống, học tập và làm việc.
🛜  Thế hệ “mạng xã hội”, chuộng công nghệ và ưa “bắt trend”: Gen Z sinh ra cùng thời điểm vàng với công nghệ và khoa học kỹ thuật. Lớn lên trong thế giới trực tuyến, thế hệ Z được ưu ái với nhiều sự thuận lợi so với các hậu bối đi trước đó là khả năng nắm bắt thông tin và sở hữu thông tin cực nhanh chóng và chính xác. 
🌐 Khi tiếng Anh không còn là ngoại ngữ mà là “ngôn ngữ công việc”: Gen Z cởi mở, hào sảng, chủ động và mạnh dạn tham gia nhiều chương trình giao lưu quốc tế. Bằng chứng là ngoại ngữ trở thành một trong những môn học cực quan trọng từ những năm phổ thông.
⁉️ Vì sao Gen Z lựa chọn ĐH Đông Á ➡️➡️ ➡️ Xem chi tiết tại: https://bit.ly/3H5bqxl
-----------
ĐH ĐÔNG Á - TẠO DỰNG CON ĐƯỜNG THÀNH CÔNG
🌸  UDA ĐÀ NẴNG: 33 Xô Viết Nghệ Tĩnh, Hải Châu 
🌸  UDA ĐẮK LẮK: 40 Phạm Hùng, Buôn Ma Thuột 
☎ Hotline: 0981 326 327 - 0855 311 211
🔸 Zalo OA: https://bit.ly/zaloOAUDA  
📱 Tiktok: https://www.tiktok.com/@helloudaer 
🌐 Website: https://donga.edu.vn/ 
🔸 Group: UDA – Tư vấn tuyển sinh ĐH Đông Á 2024 https://www.facebook.com/groups/udak24",,0,"01/04/2024 01:21",N/A,https://www.facebook.com/IAD.DongA/posts/pfbid02LEC2MLsKUsB6WBDPcpbQgipZecS9MTYa4oiFkGuRkh6iFJydqC9vPJTsVKuDGwYxl,0,1,Ảnh,,,,,"Trọn đời",114,102,5,4,0,1,4,,1,3,
859389816191816,100063624155619,"Viện Nghiên cứu Quốc tế về Trí tuệ nhân tạo và Khoa học dữ liệu",,,0,"01/11/2024 18:16",N/A,https://www.facebook.com/IAD.DongA/posts/pfbid0EBC2vRgvyUJt9nnmdc8KnaPdkLu7RoncKcEkYNtTSufWcXxE4oEruFijNiKxwNzTl,0,0,"Liên kết",,,,,"Trọn đời",88,84,1,1,0,0,0,,,,
863449439119187,100063624155619,"Viện Nghiên cứu Quốc tế về Trí tuệ nhân tạo và Khoa học dữ liệu","Chuỗi chương trình chăm sóc sức khoẻ tinh thần cho học sinh THPT các tỉnh miền Trung - Tây Nguyên 2024 của Đại học Đông Á chính thức được triển khai từ ngày 16/1 với các điểm trường đầu tiên tại tỉnh Quảng Bình.",,0,"01/17/2024 17:45",N/A,https://www.facebook.com/IAD.DongA/posts/pfbid0iudMhhYs877YqKkyCkLdcRc8K92VWq9GxAJahKTMsXft1iP2g171ahSDLZdt26DLl,0,0,"Liên kết",,,,,"Trọn đời",129,119,1,1,0,0,0,,,,
863450349119096,100063624155619,"Viện Nghiên cứu Quốc tế về Trí tuệ nhân tạo và Khoa học dữ liệu","Tiếp nối chuỗi hoạt động thuộc Tuần lễ phát triển sự nghiệp và khởi nghiệp Đại học Đông Á năm 2024, đại diện tập đoàn Marriott vừa có buổi chia sẻ định hướng nghề nghiệp với sinh viên nhà trường qua chủ đề “Hospitality Horizons”. 🎊",,0,"01/17/2024 17:47",N/A,https://www.facebook.com/IAD.DongA/posts/pfbid0Yw2qbxxtd4AjimgzfxyUaMJZQRjo8G6NbL1TCfBP7hVhz2ZPEt8CZ5me42Nm5FFRl,0,0,"Liên kết",,,,,"Trọn đời",138,128,1,1,0,0,2,1,1,,
864250609039070,100063624155619,"Viện Nghiên cứu Quốc tế về Trí tuệ nhân tạo và Khoa học dữ liệu",,,0,"01/18/2024 22:46",N/A,https://www.facebook.com/IAD.DongA/posts/pfbid02ptG1FkBNLTC9TZY7nGXUht9tFR532BfT2JqjnjVYsqkFjkMyokHCpGmtR5garrGCl,0,0,"Liên kết",,,,,"Trọn đời",155,136,3,3,0,0,0,,,,
866406055490192,100063624155619,"Viện Nghiên cứu Quốc tế về Trí tuệ nhân tạo và Khoa học dữ liệu","🔥🔥🔥 𝐂𝐀𝐋𝐋 𝐅𝐎𝐑 𝐕𝐎𝐋𝐔𝐍𝐓𝐄𝐄𝐑𝐒 𝐈𝐍 𝐔𝐃𝐀🔥🔥🔥

𝐒𝐓𝐔𝐃𝐄𝐍𝐓 𝐄𝐗𝐂𝐇𝐀𝐍𝐆𝐄 𝐏𝐑𝐎𝐆𝐑𝐀𝐌 between DONG A UNIVERSITY & ENSAIT, UNIVERSITY OF LILLE, FRANCE

This Student Exchange Program (SEP) is organized by the International Research Institute for Artificial Intelligence and Data Science (IAD), Dong A University. The program is held annually to create an international environment for UDA students to experience, study, and exchange French culture, simultaneously sharing our culture with international students. 

❌❌❌ In 2024, 𝐭𝐡𝐞𝐫𝐞 𝐚𝐫𝐞 𝟎𝟓 𝐅𝐫𝐞𝐧𝐜𝐡 𝐬𝐭𝐮𝐝𝐞𝐧𝐭𝐬 𝐣𝐨𝐢𝐧𝐢𝐧𝐠 𝐒𝐄𝐏 𝐢𝐧 𝐔𝐃𝐀, therefore, we are 𝐥𝐨𝐨𝐤𝐢𝐧𝐠 𝐟𝐨𝐫 some 𝐯𝐨𝐥𝐮𝐧𝐭𝐞𝐞𝐫 𝐛𝐮𝐝𝐝𝐢𝐞𝐬 to support them.
Duration: 𝐹𝑒𝑏 1, 2024 - 𝑀𝑎𝑦 31, 2024

⁉️⁉️⁉️ 𝑹𝒆𝒄𝒓𝒖𝒊𝒕𝒎𝒆𝒏𝒕 𝒓𝒆𝒒𝒖𝒊𝒓𝒆𝒎𝒆𝒏𝒕𝒔: 
- Be an UDA's student
- Be friendly, enthusiastic and dynamic
- Can communicate in English

⁉️⁉️⁉️ 𝑩𝒆𝒏𝒆𝒇𝒊𝒕𝒔 𝒚𝒐𝒖 𝒄𝒂𝒏 𝒈𝒆𝒕 𝒊𝒇 𝒋𝒐𝒊𝒏𝒊𝒏𝒈:
- Have new friends;
- Supercharge your English (since the French students communicate in English);
- Exchange culture;
- Get a certificate after the program ends;
- A chance to get a thrilling trip to France. 

𝑺𝒖𝒃𝒎𝒊𝒕 𝒚𝒐𝒖𝒓 𝒂𝒑𝒑𝒍𝒊𝒄𝒂𝒕𝒊𝒐𝒏 𝒂𝒕: 
👉 https://forms.gle/us43X44TE3fgxDh96

𝐈𝐌𝐏𝐎𝐑𝐓𝐀𝐍𝐓 𝐃𝐀𝐓𝐄 
- Deadline for application: 21:00, Jan 24, 2024
- Interview: Jan 26, 2024
- Location: IAD, room 311B, Floor 3, Dong A Univ.

𝐂𝐎𝐍𝐓𝐀𝐂𝐓 𝐈𝐍𝐅𝐎𝐑𝐌𝐀𝐓𝐈𝐎𝐍:
Please contact via Messenger or come to Viện Iad, Room 311B, Floor 3, Dong A Univ. 
👉 Contact person: 𝑀𝑟𝑠. 𝑁𝑔𝑢𝑦𝑒𝑛 𝑇ℎ𝑖 𝐿𝑢𝑐: 0906545792

We will consider your application; then, we send an email to invite you to interview for the program (on January 26). Students having good French and English will be prioritized. However, we always encourage other students to attend to learn and improve their English.",,0,"01/22/2024 00:39",N/A,https://www.facebook.com/IAD.DongA/posts/pfbid025G5aSLUosbhJd8MrARrrHuLuFfXaPZTuXva3SUQX2vEN7QJ2pH6Eh7cPTPzeGvQgl,0,0,Ảnh,,,,,"Trọn đời",5771,4785,192,136,39,17,621,59,344,218,
868323108631820,100063624155619,"Viện Nghiên cứu Quốc tế về Trí tuệ nhân tạo và Khoa học dữ liệu",,,0,"01/24/2024 19:53",N/A,https://www.facebook.com/IAD.DongA/posts/pfbid0d97kAvoBXYbzC9fyExf1YyboM3YYAx9jM99Xdoxpo1gpK6o7ZoayWCdbX4FVK1pKl,0,1,Ảnh,,,,,"Trọn đời",239,215,9,8,1,0,18,,6,12,
871169348347196,100063624155619,"Viện Nghiên cứu Quốc tế về Trí tuệ nhân tạo và Khoa học dữ liệu","Ngày thứ 6 (26/12/2023) nhộn nhịp ở IAD 🥳🤩🥳

Quang cảnh các bạn SV đến phỏng vấn vị trí Volunteer Buddies cho chương trình Student Exchange Program 2024 tại Viện Nghiên cứu Quốc tế về Trí tuệ nhân tạo và Khoa học dữ liệu, ĐH Đông Á!!!!

👉𝑳𝒂̀𝒎 𝒕𝒊̀𝒏𝒉 𝒏𝒈𝒖𝒚𝒆̣̂𝒏 𝒗𝒊𝒆̂𝒏 𝒄𝒂́𝒄 𝒃𝒂̣𝒏 đ𝒖̛𝒐̛̣𝒄 𝒈𝒊̀?
1️⃣ Có thêm bạn bè quốc tế
2️⃣ Nâng cao khả năng giao tiếp tiếng Anh
3️⃣ Trao đổi, giao lưu văn hoá Việt - Pháp
4️⃣ Nhận giấy chứng nhận khi kết thúc Chương trình
5️⃣ Có cơ hội sang Pháp.
...v.v..
-----------------------

👉 Thông tin liên lạc:
- Viện IAD, Phòng 311B, Tầng 3, Trường Đại học Đông Á, Đà Nẵng. 
- Người liên hệ: 𝑀𝑟𝑠. 𝑁𝑔𝑢𝑦𝑒𝑛 𝑇ℎ𝑖 𝐿𝑢𝑐: 0906545792

#IAD #daihocDongA #UDA #StudentExchangeProgram #SEP #volunteerbuddies #2k5 #2k6 #2k3 #2k4 #2k2 #trituenhantao #AI #trithongminhnhantao #tuyensinh",,0,"01/28/2024 23:31",N/A,https://www.facebook.com/IAD.DongA/posts/pfbid0wjEqDfYJPnzwZmvPu81fBnbWMfHaiSUvJhVTHXbGX2S95rJsJxNbqLWYqepWEmYQl,0,0,Ảnh,,,,,"Trọn đời",1288,1026,82,68,5,9,672,184,88,400,
873895934741204,100063624155619,"Viện Nghiên cứu Quốc tế về Trí tuệ nhân tạo và Khoa học dữ liệu","Dong A University welcomes 𝐄𝐍𝐒𝐀𝐈𝐓 𝐬𝐭𝐮𝐝𝐞𝐧𝐭𝐬 to have an internship & exchange academic research at UDA !!!

Today, UDA and IAD held a Lunar Year End party to say goodbye the year of 2023 and welcome the year of 2024. 
This is also the first time international students (French students) have experienced the Lunar New Year in Vietnam.  

To show the school's tradition of hospitality, Dong A University has given them some traditional gifts as a wish of good health, good luck and good experience in Vietnam.

💥💥💥𝑯𝑨𝑷𝑷𝒀 𝑳𝑼𝑵𝑨𝑹 𝑵𝑬𝑾 𝒀𝑬𝑨𝑹!!!!💥💥💥

#DongAUniversity #DaihocDongA #UDA #IAD #HappyNewYear #StudentExchangeProgram2024 #SEP #AI #TTNT #ArtificialIntelligence",,0,"02/02/2024 01:45",N/A,https://www.facebook.com/IAD.DongA/posts/pfbid0jEXAvm7sjPaV76XFCaqLUShYnUutv756pSvMPz73jSembWVmCYS6KDdk8pxG3Ural,0,0,Ảnh,,,,,"Trọn đời",3394,2946,101,84,12,5,661,,188,473,
874771591320305,100063624155619,"Viện Nghiên cứu Quốc tế về Trí tuệ nhân tạo và Khoa học dữ liệu","Hội thi tiếng hát học đường 2024",,0,"02/03/2024 07:30",N/A,https://www.facebook.com/IAD.DongA/posts/pfbid02ymWimAfAE57pjCDaz1TWtDgXTkvekkVTpgnnSicA5pVZfsmbrtuDkd4FX23h8mLFl,0,1,Ảnh,,,,,"Trọn đời",120,106,1,1,0,0,2,,,2,
875739947890136,100063624155619,"Viện Nghiên cứu Quốc tế về Trí tuệ nhân tạo và Khoa học dữ liệu","Cảm ơn mối lương duyên tốt đẹp và hợp tác bền chặt giữa Đại học Đông Á và Tập đoàn Y tế xã hội Aijinkai cho liên tiếp những chuyến bay đến Nhật, cho những trải nghiệm nghề nghiệp, ngôn ngữ và cuộc sống thú vị, cho những kiến thức và kinh nghiệm quý báu chuẩn bị cho chặng hành trình nghề nghiệp lâu dài tại Nhật Bản và Việt Nam của các bạn sinh viên từ kỳ internship trên đất Nhật!",,0,"02/04/2024 18:06",N/A,https://www.facebook.com/IAD.DongA/posts/pfbid0BqmcotBHxEeQ2WSncjv3yGHYA7AN2hdstPgQiNaQ5BbvvcbzrCqJYYHFaSy5JXhEl,0,1,Video,,,,,"Trọn đời",79,68,2,2,0,0,1,,1,,
875749447889186,100063624155619,"Viện Nghiên cứu Quốc tế về Trí tuệ nhân tạo và Khoa học dữ liệu","Cuộc họp cuối năm cho chủ đề nghiên cứu, thực tập và các hoạt động liên quan đến trao đổi học thuật, văn hoá",,0,"02/04/2024 18:25",N/A,https://www.facebook.com/IAD.DongA/posts/pfbid02nMNYpPhbX6LCx5oakejU97oVVn4JgUnss6akUMcMi7UnTJQxwXKpT8umWRsb74xkl,0,0,Ảnh,,,,,"Trọn đời",520,486,32,31,0,1,48,,8,40,
876503994480398,100063624155619,"Viện Nghiên cứu Quốc tế về Trí tuệ nhân tạo và Khoa học dữ liệu","Một mùa trao đổi mới!!!! HAPPY NEW YEAR 2024!",,0,"02/05/2024 21:23",N/A,https://www.facebook.com/IAD.DongA/posts/pfbid0G1fqinv6HtT7H8YCiFwYit2joLdWuhSgZ3473PZPokLnAoiZQUNh4rNi7SMkH5cyl,0,1,Ảnh,,,,,"Trọn đời",185,168,4,4,0,0,24,,8,16,
883183537145777,100063624155619,"Viện Nghiên cứu Quốc tế về Trí tuệ nhân tạo và Khoa học dữ liệu","Bức ảnh đầu năm của UDA <3 <3 <3",,0,"02/15/2024 07:03",N/A,https://www.facebook.com/IAD.DongA/posts/pfbid02Afd2UCKmDhyx8qRMpPK1CMdg5byWfqnZZzYAQsJ7pdqC8BbFg2p3od6yCzZ1BzErl,0,1,Ảnh,,,,,"Trọn đời",140,127,6,6,0,0,1,,,1,
885499643580833,100063624155619,"Viện Nghiên cứu Quốc tế về Trí tuệ nhân tạo và Khoa học dữ liệu","Bye bye bánh chưng xanh, bye bye đòn bánh tét 
Chào ba mẹ con về với mái trường mến yêu ❤️

Sân trường UDA sáng nay rộn rã bước chân, những gương mặt phấn khởi, sẵn sàng cho hành trình của năm mới. 
Hãy cùng nhau tạo nên những khoảnh khắc đáng nhớ và cháy hết mình trong năm Giáp Thìn 2024 này các bạn nhé!!!

#TuyensinhDongA #DaihocDongA #UDA #TetNguyenDan
-------------------------
ĐẠI HỌC ĐÔNG Á - UDA
TẠO DỰNG CON ĐƯỜNG THÀNH CÔNG
🌸  UDA ĐÀ NẴNG: 33 Xô Viết Nghệ Tĩnh, Q. Hải Châu
🌸  UDA ĐẮK LẮK: 40 Phạm Hùng, TP. Buôn Ma Thuột
☎  Hotline: 0981 326 327",,0,"02/18/2024 23:42",N/A,https://www.facebook.com/IAD.DongA/posts/pfbid02f7Zut6rq2ZWuTRbaQmYy5htxRBWHr5s66dxC19fBTFmEjKirWd7siSnrBJwqp8gXl,0,1,Ảnh,,,,,"Trọn đời",142,133,3,3,0,0,11,,2,9,
885514700245994,100063624155619,"Viện Nghiên cứu Quốc tế về Trí tuệ nhân tạo và Khoa học dữ liệu","Chúc mừng năm mới 2024!!!

Các thành viên được Nhận Lì xì từ Ban giám hiệu trường Đại Học Đông Á và Viện Nghiên cứu Quốc tế về Trí tuệ nhân tạo và Khoa học dữ liệu!!!

Chúc IAD một năm nhiều thành công và thành tựu!!!

#UDA #Đại_hoc_Đông_Á #IAD #Viện_Nghiên_Cứu_Quốc_tế_về_Trí_tuệ_nhân_tạo_và_Khoa_học_dữ_liệu #AI #trituenhantao #trithongminhnhantao",,0,"02/19/2024 00:20",N/A,https://www.facebook.com/IAD.DongA/posts/pfbid0389wALccFLt7u1C1iS4uPBenqK3HEKXKQv4aPAGmrpNY1Mv44h6mvcwcWQ63ZBhPSl,0,0,Ảnh,,,,,"Trọn đời",407,383,19,17,0,2,24,,7,17,1
887824456681685,100063624155619,"Viện Nghiên cứu Quốc tế về Trí tuệ nhân tạo và Khoa học dữ liệu","<3 Chương trình học tập qua dự án toàn cầu (gPBL) chủ đề IoT SICT 2024 - Global Project Based Learning lần thứ 4 vừa được khai mạc tại Đại học Đông Á 🎊

<3 gPBL IoT SICT 2024 sẽ được diễn ra trong thời gian 9 ngày, từ ngày 19/02 đến ngày 27/02. 

https://donga.edu.vn/Moi-truong-hoc-tap/moi-truong-ht-chi-tiet/global-project-based-learning--gpbl--lan-thu-4-duoc-to-chuc-tai-dai-hoc-dong-a-35331?fbclid=IwAR2RR-penRdkeOAhOesdEILaBkrvPt1-XfzMtaxPTwq9vYM5e1K_crPa4p4",,0,"02/22/2024 16:41",N/A,https://www.facebook.com/IAD.DongA/posts/pfbid0zPLPns7QAGT6NQeEK6q1cZriW2npFGG9Gax1oQvZvsTvgwxG49DvDQUQwT1qcZvhl,0,0,Ảnh,,,,,"Trọn đời",597,568,18,14,1,3,32,,6,26,
889782589819205,100063624155619,"Viện Nghiên cứu Quốc tế về Trí tuệ nhân tạo và Khoa học dữ liệu","2 em rất đáng khen!!!",,0,"02/25/2024 22:20",N/A,https://www.facebook.com/IAD.DongA/posts/pfbid02QwYVWcyDC5S4krw8E46iN1fx229JsCpQRfbcJCYQdN2GR6oNHpavjaE3Rf9fNFSel,0,1,Ảnh,,,,,"Trọn đời",86,79,1,1,0,0,1,,1,,
891770379620426,100063624155619,"Viện Nghiên cứu Quốc tế về Trí tuệ nhân tạo và Khoa học dữ liệu","[ĐÔNG Á TRAO ĐỔI HỌC THUẬT] ĐÓN SINH VIÊN ĐH TỔNG HỢP LILLE, PHÁP ĐẾN HỌC TẬP TẠI UDA

Chào mừng năm cô gái từ trường ENSAIT, Đại học Tổng hợp Lille (Université de Lille) đến Việt Nam tham gia học kỳ trao đổi và làm việc tại Viện NC Quốc tế về Trí tuệ nhân tạo & KH Dữ liệu trường Đại học Đông Á (Viện IAD). 

Lãnh đạo Viện cùng các bạn sinh viên Đông Á đã có buổi giao lưu, lắng nghe những cô bạn nước Pháp chia sẻ những trải nghiệm đầu tiên, thảo luận các dự định trao đổi học thuật và kế hoạch công việc sắp đến tại trường. 

Đại học Tổng hợp Lille - trường Công lập và đào tạo đa ngành nổi tiếng ở vùng Hauts-de-France nước Pháp, là đối tác của quen thuộc của Viện IAD - Đại học Đông Á trong công tác nghiên cứu, tăng cường giao lưu quốc tế và trao đổi kinh nghiệm trong lĩnh vực nghiên cứu trí tuệ nhân tạo và nghiên cứu dữ liệu. 
-----------------
WELCOMING STUDENTS FROM UNIVERSITÉ DE LILLE, FRANCE TO STUDY AT UDA 

Welcome five students from ENSAIT, Université de Lille, France, to Vietnam for the exchange semester and placement at the International Institute of Artificial Intelligence and Data Science of Dong A University)

Students from IAD Institute and Dong A University engaged in an exchange session, where they listened to the French students' initial experiences, discussed academic exchange plans, and upcoming work schedules at Dong A University.

Université de Lille, a distinguished public multidisciplinary institution in the Hauts-de-France region of France, is a well-established partner of the IAD Institute - Dong A University, collaborating in research, fostering international exchanges, and sharing insights in the fields of artificial intelligence and data research.

#TuyensinhDongA #DaihocDongA #HocBongHoaAnhDao #DongAHoptacQuocte
-----------------
ĐẠI HỌC ĐÔNG Á - UDA
TẠO DỰNG CON ĐƯỜNG THÀNH CÔNG
🌸  UDA ĐÀ NẴNG: 33 Xô Viết Nghệ Tĩnh, Q. Hải Châu
🌸  UDA ĐẮK LẮK: 40 Phạm Hùng, TP. Buôn Ma Thuột
☎  Hotline: 0981 326 327 - 0236 3519 991",,0,"02/29/2024 00:32",N/A,https://www.facebook.com/IAD.DongA/posts/pfbid0PXkFG3aBGqfkHTA5zHfnSfrqHRmddhC1So5MCRWTPqFSd4yaWZ9K5LV1EDXLq9YBl,0,1,Ảnh,,,,,"Trọn đời",157,143,2,2,0,0,18,,3,15,
899515482179249,100063624155619,"Viện Nghiên cứu Quốc tế về Trí tuệ nhân tạo và Khoa học dữ liệu","💥💥💥Trường ĐH Đông Á, Viện IAD kính mời quý thầy cô đồng nghiệp và các bạn SV UDA cùng tham dự buổi chia sẻ về “𝑲𝒊𝒏𝒉 𝒏𝒈𝒉𝒊𝒆̣̂𝒎 𝒈𝒊𝒂̉𝒏𝒈 𝒅𝒂̣𝒚 𝒗𝒂̀ đ𝒂̀𝒐 𝒕𝒂̣𝒐 𝒕𝒉𝒊𝒆̂́𝒕 𝒌𝒆̂́ 𝒗𝒊 𝒎𝒂̣𝒄𝒉” 

- Thời gian tổ chức: 𝟏𝟑:𝟑𝟎 - 𝟏𝟔:𝟎𝟎 𝐧𝐠𝐚̀𝐲 𝟏𝟓/𝟎𝟑/𝟐𝟎𝟐𝟒
- Địa điểm: Trực tiếp tại Hội trường Edison, Trường Đại học Đông Á
- Khách mời tham dự:
• PGS. TSKH.Trần Kim Phúc: (trực tiếp) Giảng viên cao cấp và nhà nghiên cứu tại Đại học Lille, Graduate School MADIS-631, ENSAIT & GEMTEX, Pháp. Cố vấn khoa học cấp cao của trưởng Đại học Đông Á và Viện Nghiên cứu Quốc tế về Trí tuệ nhân tạo và Khoa học dữ liệu (IAD).
• TS. Nguyễn Vũ Thắng: (trực tiếp) Giảng viên Trường Điện - Điện tử - Đại học Bách Khoa Hà Nội. Chuyên gia trong lĩnh vực vi mạch – bán dẫn.
• TS. Phùng Thị Kiều Hà: (trực tiếp) Giảng viên Trường Điện - Điện tử -  Đại học Bách Khoa Hà Nội.
• TS. Nguyễn Hữu Du: (online) Giảng viên Viện Toán Ứng dụng và tin học – ĐH Bách khoa Hà Nội.
#vi_mạch #bán_dẫn #semiconductor #microchip #TTNT #AI #XAI #trí_tuệ_nhân_tạo #UDA #IAD #Đại_học_Đông_Á #Hitech #CNTT #IT",,0,"03/11/2024 21:28",N/A,https://www.facebook.com/IAD.DongA/posts/pfbid02TvkY5HcsRc5p9HgAx9hADY9pEQTC8DWMyDFjoCQLde6wmhmEmFHwTZnk4HVf8Xvxl,0,0,Ảnh,,,,,"Trọn đời",1811,1390,91,78,4,9,153,32,35,86,
904246421706155,100063624155619,"Viện Nghiên cứu Quốc tế về Trí tuệ nhân tạo và Khoa học dữ liệu","𝑩𝒖𝒐̂̉𝒊 𝒄𝒉𝒊𝒂 𝒔𝒆̉ 𝒄𝒉𝒖𝒚𝒆̂𝒏 𝒎𝒐̂𝒏 𝒗𝒆̂̀ ""𝑲𝒊𝒏𝒉 𝒏𝒈𝒉𝒊𝒆̣̂𝒎 𝒈𝒊𝒂̉𝒏𝒈 𝒅𝒂̣𝒚 𝒗𝒂̀ đ𝒂̀𝒐 𝒕𝒂̣𝒐 𝒕𝒉𝒊𝒆̂́𝒕 𝒌𝒆̂́ 𝒗𝒊 𝒎𝒂̣𝒄𝒉""

Chiều ngày 15/03/2024, tại Hội trường Edison, Trường ĐH Đông Á đã diễn ra buổi chia sẻ chuyên môn với chủ đề chính về Thiết kế vi mạch. Buổi chia sẻ nằm trong chuỗi hoạt động phát triển ngành bán dẫn - vi mạch tại Đại học Đông Á.

👉Đọc thêm tại 
https://iad.donga.edu.vn/detail/whats-at-the-expertise-sharing-session-on-microchips-and-semiconductor-at-dong-a-university-35555
https://donga.edu.vn/nghien-cuu-khoa-hoc/nghien-cuu-khoa-hoc-chi-tiet/nhieu-kien-thuc-chuyen-mon-thu-vi-tu-workshop-kinh-nghiem-giang-day-va-dao-tao-thiet-ke-vi-mach-35564?gidzl=Tlq-OG93fdryvpTZ05slUtpXEM8VMAfoOEPiR1nR-21fjsyw4rpw8ccpOZ8G3FDvQxTZO31DYg0f2aUlS0",,0,"03/19/2024 00:34",N/A,https://www.facebook.com/IAD.DongA/posts/pfbid0ZtcwT88BAKp8JEup8JypREGP2Fwd8dcP555UECcJYmiHRT4T3mZXMj9wtTngKH4fl,0,1,Ảnh,,,,,"Trọn đời",82,76,6,6,0,0,10,2,1,7,
905585868238877,100063624155619,"Viện Nghiên cứu Quốc tế về Trí tuệ nhân tạo và Khoa học dữ liệu","10 Xu hướng Trí tuệ nhân tạo (AI) trong năm 2024:
1 - Sử dụng AI tạo sinh (Generative AI)
2 - AI đặc vụ/ tác nhân
3 - AI nguồn mở (Open Source AI)
4 - AI trong phát triển phần mềm
5 - Robot hình người
6 - Mô hình AI tạo sinh được tuỳ chỉnh
7 - AI kết hợp với chuỗi khối (AI + blockchain)
8 - Tuân thủ và quy định về AI (AI Compliance)
9 - Mô hình AI đa phương thức (Multimodal AI models)
10- AI trong sản phẩm tiêu dùng (AI in consumer products)

Nguồn:
https://vndigitech.com/10-xu-huong-ai-nam-2024/",,0,"03/21/2024 03:13",N/A,https://www.facebook.com/IAD.DongA/posts/pfbid0jT5dPJZ4LLAa2n2YPYYauBkvxSu9j2y7q1821Wxy8ArW4na4DEkhxP4MrmffkQMDl,0,0,Ảnh,,,,,"Trọn đời",82,77,5,5,0,0,2,1,1,,
906953794768751,100063624155619,"Viện Nghiên cứu Quốc tế về Trí tuệ nhân tạo và Khoa học dữ liệu","🎊 Đại học Đông Á lần thứ 7 đăng cai tổ chức MOSWC khu vực miền Trung - Tây Nguyên 🎊",,0,"03/23/2024 00:15",N/A,https://www.facebook.com/IAD.DongA/posts/pfbid0H4cLm7hSARvZi8P1rHvReYhJmsMWQwparTJqRAxPtdvyK7hyB4pn8ocfgJcUZGFyl,0,1,Ảnh,,,,,"Trọn đời",81,78,1,1,0,0,2,,1,1,
906973741433423,100063624155619,"Viện Nghiên cứu Quốc tế về Trí tuệ nhân tạo và Khoa học dữ liệu",,,0,"03/23/2024 01:04",N/A,https://www.facebook.com/IAD.DongA/posts/pfbid0sLzr3rWy9e4mXQne6YLyNwV6RvczxJ7RNukvQxnnN4Jj7BYgRYTeNBzoo4pLe4ngl,0,1,Video,,,,,"Trọn đời",38,34,2,2,0,0,0,,,,
910198641110933,100063624155619,"Viện Nghiên cứu Quốc tế về Trí tuệ nhân tạo và Khoa học dữ liệu","Ngày hội Open day 2024",,0,"03/27/2024 17:58",N/A,https://www.facebook.com/IAD.DongA/posts/pfbid0i4UySVvHMiWAB82qbrNQm8E4qAVhUrFGWhBeR5dBZBPcGnocmwjYhu5qDnpxSX4Hl,0,1,Video,,,,,"Trọn đời",42,40,1,1,0,0,1,,1,,
911643844299746,100063624155619,"Viện Nghiên cứu Quốc tế về Trí tuệ nhân tạo và Khoa học dữ liệu","Tràn đầy cảm xúc tại Chương trình nghệ thuật Lễ hội văn hoá Việt - Nhật lần thứ 9 & Ngày hội tuổi trẻ 2024 🌸😘",,0,"03/29/2024 19:26",N/A,https://www.facebook.com/IAD.DongA/posts/pfbid024NRWNUVQkXKqJzjdqZYJjkChe82ZiwTRL2dkJYBG8tMGumMurcbHq6xAYANPXLTjl,0,1,Ảnh,,,,,"Trọn đời",92,90,3,3,0,0,7,,4,3,
911644390966358,100063624155619,"Viện Nghiên cứu Quốc tế về Trí tuệ nhân tạo và Khoa học dữ liệu","Không gian văn hóa Nhật Bản – Việt Nam được tái hiện sinh động tại Lễ hội văn hoá Việt – Nhật 2024 Đại học Đông Á với các phần trình diễn ấn tượng đến từ đoàn nghệ thuật Nhật Bản cùng sinh viên Đại học Đông Á. 
Trong đó, nhảy sạp, nhảy dây, vũ điệu yosakoi tươi vui và tiết mục mashup “Sekai ni hitotsu dake no hana” với sự kết hợp thú vị đến từ các nghệ sĩ đoàn nghệ thuật Nhật Bản và các bạn sinh viên Khoa NN&VH Nhật Bản đã mở đầu chuỗi hoạt động giao lưu, gắn kết tình hữu nghị Việt – Nhật tại Lễ hội văn hóa Việt - Nhật 2024 Đại học Đông Á.",,0,"03/29/2024 19:27",N/A,https://www.facebook.com/IAD.DongA/posts/pfbid034YgtKYBARidYtXcWtaQK7vrYEyPd6fUpZqEYrtGt2s9u1wAuVYsjtxKZFEJokJVbl,0,1,Ảnh,,,,,"Trọn đời",66,63,1,1,0,0,5,,2,3,
853105570153574,100063624155619,"Viện Nghiên cứu Quốc tế về Trí tuệ nhân tạo và Khoa học dữ liệu",,,0,"01/01/2024 19:22",N/A,https://www.facebook.com/IAD.DongA/posts/pfbid02VyToBb1tZUtVqmTrEKP78Zzo7LBfPw35o4GsExwSW5PTqQE6fyRAQa3RckWnf2sWl,0,1,Ảnh,,,,,"Trọn đời",114,99,2,2,0,0,0,,,,
853105860153545,100063624155619,"Viện Nghiên cứu Quốc tế về Trí tuệ nhân tạo và Khoa học dữ liệu",,,0,"01/01/2024 19:23",N/A,https://www.facebook.com/IAD.DongA/posts/pfbid02Cc7GCBLjHK5jJBFq2fYzygczXAg2nPpMaFDqXNpXnDqdbM3NWqN4ZPqCfb8b18TDl,0,0,"Liên kết",,,,,"Trọn đời",101,86,5,4,0,1,2,,2,,
