"ID bài viết","ID Trang","Tên Trang","Tiêu đề","Mô tả","Thời lượng (giây)","Thời gian đăng","Loại chú thích","Liên kết vĩnh viễn","Là nội dung đăng chéo","Là bài viết chia sẻ","Loại bài viết","Ngôn ngữ","Nhãn tùy chỉnh","Trạng thái nội dung được tài trợ","Bình luận về dữ liệu",Ngày,"Lượt hiển thị","Phạm vi tiếp cận",IMPRESSION:UNIQUE_USERS,"Cảm xúc, bình luận và lượt chia sẻ","Cảm xúc","Bình luận","Lượt chia sẻ","Tổng số lượt click","Lượt click khác","Tổng số lượt click của người dùng khớp với đối tượng nhắm mục tiêu (Photo Click)","Lượt click vào liên kết"
979003057563824,100063624155619,"Viện Nghiên cứu Quốc tế về Trí tuệ nhân tạo và Khoa học dữ liệu","HOÀ NHỊP CÁCH MẠNG 4.0 👉 TỰ TIN THEO ĐUỔI ĐAM MÊ NGHIÊN CỨU TRÍ TUỆ NHÂN TẠO CÙNG ĐẠI HỌC ĐÔNG Á! 
✅ Học Trí tuệ nhân tạo ở ĐH Đông Á 👉 Sinh viên có sự đồng hành dẫn dắt & cố vấn học tập chất lượng cao từ Viện Nghiên cứu Quốc tế về Trí tuệ nhân tạo và Khoa học dữ liệu - Nơi quy tụ các Tiến sĩ, thạc sĩ, chuyên gia cao cấp về A.I của trong nước và quốc tế; 
✅ Chương trình đào tạo đề cao tính ứng dụng và dễ tiếp cận kiến thức, giúp sinh viên dễ dàng tiếp thu;
Sinh viên học ngành AI có cơ hội được tiếp cận với chuyên ngành Thiết kế Vi mạch và hệ thống nhúng thông minh;
Các giảng viên ngành A.I tại UDA luôn nỗ lực mang đến những phương pháp giảng dạy gần gũi và dễ hiểu!
✅ Chương trình sẽ được giảng dạy bởi nhiều GS tại trường sau đại học Graduate School MADIS-631 chuyên đào tạo ngành công nghệ số của ĐH Lille và rất nhiều chuyên gia từ các tập đoàn lớn của Châu Âu;
✅ Không chỉ là môi trường học tập chất lượng, quốc tế hoá, sinh viên còn có cơ hội ""thực chiến"", đồng hành cùng các dự án nghiên cứu trong nước và cấp quốc tế của Viện IAD; 
✅ Cơ hội được nhà trường lựa chọn nhận Học bổng cho học kỳ trao đổi đến Pháp - University of Lille. 
-------
CHỚP CƠ HỘI XÉT TUYỂN SỚM NGÀNH TRÍ TUỆ NHÂN TẠO TẠI ĐH ĐÔNG Á
Mã ngành: 7480107,
Hoặc 7480107DL (khi đăng ký học tại Phân hiệu Đắk Lắk) 
Cơ hội chinh phục Học bổng Hoa Anh Đào từ 50-100% học phí toàn khoá!
#tuyensinhdonga #daihocdonga #tuvantuyensinh #HocBongHoaAnhDao #TriTueNhanTao #AI 
-----
Chọn Đại học Đông Á,
TĂNG cơ hội thành công, GIẢM gánh lo gia đình! 
🌸 TRỤ SỞ TẠI ĐÀ NẴNG: 33 Xô Viết Nghệ Tĩnh, Q. Hải Châu 
🌸 PHÂN HIỆU ĐẮK LẮK: 40 Phạm Hùng, TP. Buôn Ma Thuột
☎  Hotline: 0236 3519 991",,0,"07/03/2024 21:18",N/A,https://www.facebook.com/IAD.DongA/posts/pfbid0HmLy7UaGcBHvbFYuHH2CeigGK9735qSFS2CbFYrw9mYuATAi2vRxqyP95D2mFoaVl,0,0,Ảnh,,,,,"Trọn đời",130,115,,8,5,3,0,1,1,,
978999627564167,100063624155619,"Viện Nghiên cứu Quốc tế về Trí tuệ nhân tạo và Khoa học dữ liệu","Các thành viên của Viện IAD hội ngộ tại Pháp.",,0,"07/03/2024 21:11",N/A,https://www.facebook.com/IAD.DongA/posts/pfbid02Nj7VLHQFRqWabkWxYbfYeLqk2UG6cab84yFUKpjTmyWuWdyA6z4ssKaY7fv9QeyMl,0,0,Ảnh,,,,,"Trọn đời",1624,1408,,47,46,0,1,234,41,193,
1039734581490671,100063624155619,"Viện Nghiên cứu Quốc tế về Trí tuệ nhân tạo và Khoa học dữ liệu","Đại học Đông Á dành học bổng toàn phần bậc đại học cho học sinh THPT Làng Nủ

Ngày 23/9, Đại học Đông Á cho biết, nhà trường đã quyết định cấp học bổng toàn phần 100% học phí toàn khoá, bậc đại học cho tất cả các sinh viên là trẻ mồ côi, con em người dân thôn Làng Nủ (xã Phúc Khánh, huyện Bảo Yên, tỉnh Lào Cai) – nơi vừa bị thiệt hại nặng nề do bão lũ vùi lấp làng sau bão số 3 Yagi – nếu các em dự tuyển – vào Đại học Đông Á (Đà Nẵng).

Học bổng được trích từ Quỹ học bổng Hoa Anh Đào của ĐH Đông Á, sẽ được cấp cho các em ở Làng Nủ (hiện đang học ở bậc THPT) khi các em đủ tuổi vào học đại học tại Trường Đại học Đông Á.

",,0,"09/23/2024 20:55",N/A,https://www.facebook.com/IAD.DongA/posts/pfbid02jw36UjE6j144HvUn9EqPwDDNKm9RMndPCb4V5toBrhvs3zfC6vFEBhSQWKdwojgul,0,0,"Liên kết",,,,,"Trọn đời",177,137,,7,5,1,1,2,1,,1
1039690504828412,100063624155619,"Viện Nghiên cứu Quốc tế về Trí tuệ nhân tạo và Khoa học dữ liệu","Khoa Y Đại học Đông Á vừa tiếp nhận chuyên gia nước ngoài về tiêu hoá và ung thư dạ dày đại tràng đến từ Nhật bản; Là chuyên gia hàng đầu về mổ ung thư dạ dày đại tràng . 
Chúc mừng Khoa Y . Các em sinh viên sẽ được chuyên có chuyên môn sâu giảng dạy bằng tiếng Anh .",,0,"09/23/2024 19:36",N/A,https://www.facebook.com/IAD.DongA/posts/pfbid02q9z9pAW1rxFdQocmEy1qy87Eywg1MPppGzjy7tvNzofKfZN7PjcEJgfFry7AQ2qSl,0,1,Ảnh,,,,,"Trọn đời",122,95,,6,4,2,0,2,,2,
1039689828161813,100063624155619,"Viện Nghiên cứu Quốc tế về Trí tuệ nhân tạo và Khoa học dữ liệu","🌸 Cùng với Lễ Khai giảng 2024 là khởi động Chuỗi cuộc thi đồng hành cùng tân sinh viên 2024 Đại học Đông Á 🌸
_TẠO DỰNG CON ĐƯỜNG THÀNH CÔNG_ 
Sân khấu của tài năng, bản lĩnh và khả năng thích ứng trong thời kì hội nhập dành cho SV Đại học Đông Á 🎊",,0,"09/23/2024 19:34",N/A,https://www.facebook.com/IAD.DongA/posts/pfbid0uAPMtfUasBKayCaga141cHxJgk7Mn7W5HLM5XQdLmmA7R44KFu1oV1h7EdHfvfUdl,0,1,Video,,,,,"Trọn đời",74,51,,4,2,2,0,0,,,
1039688824828580,100063624155619,"Viện Nghiên cứu Quốc tế về Trí tuệ nhân tạo và Khoa học dữ liệu","Tại Lễ Khai giảng năm học 2024-2025 Đại học Đông Á, Lãnh đạo UBND TP. Đà Nẵng trao tặng ĐH Đông Á Bằng khen của Chủ tịch UBND TP. Đà Nẵng dành cho tập thể đã có thành tích xuất sắc trong 10 năm thực hiện Chỉ thị số 38-CT/TU ngày 5/9/2014 của Ban Thường vụ Thành uỷ về tiếp tục đổi mới công tác thi đua, khen thưởng, giai đoạn 2014-2024.",,0,"09/23/2024 19:32",N/A,https://www.facebook.com/IAD.DongA/posts/pfbid0w8jFgrgcsEkxXMEvKvsoMfTHhPJf6U6tUvgtHxMN7G5kYvXvR8QGpvsJ7XKF7xjRl,0,1,Ảnh,,,,,"Trọn đời",64,46,,5,3,2,0,0,,,
1039688351495294,100063624155619,"Viện Nghiên cứu Quốc tế về Trí tuệ nhân tạo và Khoa học dữ liệu","🌸 Gần 30 tỷ đồng học bổng dành cho tân sinh viên ĐH Đông Á năm 2024 ❤",,0,"09/23/2024 19:31",N/A,https://www.facebook.com/IAD.DongA/posts/pfbid02vp42Kk5tqusRNW5znrLifuck2hYGwuNnt9SeKDyyKVgVURayr32cVSczyVSAKVy3l,0,1,Ảnh,,,,,"Trọn đời",91,67,,6,4,2,0,0,,,
1039688068161989,100063624155619,"Viện Nghiên cứu Quốc tế về Trí tuệ nhân tạo và Khoa học dữ liệu","🎊 Lễ Khai giảng năm học 2024-2025 Đại học Đông Á 🎊",,0,"09/23/2024 19:31",N/A,https://www.facebook.com/IAD.DongA/posts/pfbid02GmTpC5JeyiQePVVx4sJ4Fefga9ZMtut967McqYQQdbNN59vmYhErTmBZNJJ3smZSl,0,1,Ảnh,,,,,"Trọn đời",46,36,,3,2,1,0,0,,,
1034810901983039,100063624155619,"Viện Nghiên cứu Quốc tế về Trí tuệ nhân tạo và Khoa học dữ liệu","Lễ khai giảng góp yêu thương gửi về miền Bắc ❤
---",,0,"09/18/2024 00:47",N/A,https://www.facebook.com/IAD.DongA/posts/pfbid029Jt5U5AFs6Hk62NiymAfvA7sP2Ty6ZK5ia66w8FyWGy78gHkciDiWQjeCbqwpmfDl,0,1,Ảnh,,,,,"Trọn đời",100,78,,8,6,1,1,6,6,,
1033140078816788,100063624155619,"Viện Nghiên cứu Quốc tế về Trí tuệ nhân tạo và Khoa học dữ liệu","Đa dạng các sản phẩm khởi nghiệp của sinh viên Đại học Đông Á hiện diện tại SURF 2024 - Ngày hội Khởi nghiệp Đổi mới Sáng tạo thành phố Đà Nẵng lần thứ 7",,0,"09/16/2024 00:09",N/A,https://www.facebook.com/IAD.DongA/posts/pfbid0284hBS7HEDSWUZ9KmJrVpwFUbXYBGDLooSdUXTf4NhNmngS9ch9bC4Z3mXDnsxGqzl,0,1,Ảnh,,,,,"Trọn đời",91,70,,3,3,0,0,2,,2,
1030079959122800,100063624155619,"Viện Nghiên cứu Quốc tế về Trí tuệ nhân tạo và Khoa học dữ liệu","ĐH Đông Á kêu gọi ủng hộ đồng bào các tỉnh phía Bắc bị thiệt hại nặng do bão số 3 (Yagi)
https://donga.edu.vn/tin-tuc/ttsk-chi-tiet/dh-dong-a-keu-goi-ung-ho-dong-bao-cac-tinh-phia-bac-bi-thiet-hai-nang-do-bao-so-3--yagi--36673?fbclid=IwY2xjawFPnfRleHRuA2FlbQIxMAABHW5lYriQFAxI0Nj6fyqxTFgETbKI1YX6Z7GSYo9yCMQ-VyxBK97h_1SZPw_aem_UDeJhZOCQfaPF7iB2EpVVQ",,0,"09/12/2024 03:16",N/A,https://www.facebook.com/IAD.DongA/posts/pfbid02nSHZcH2MTNUPjRDTWXKShLJRhPdWDy1hnKZcbeffvxibBDAntxPsCnff6zpmECAgl,0,0,"Liên kết",,,,,"Trọn đời",90,66,,5,5,0,0,3,3,,
1024678936329569,100063624155619,"Viện Nghiên cứu Quốc tế về Trí tuệ nhân tạo và Khoa học dữ liệu","🎊 Đại học Đông Á ký kết hợp tác đào tạo bác sĩ y khoa với các bệnh viện miền Trung 🎊
Hợp tác đào tạo bác sĩ y khoa cũng được ký kết giữa Đại học Đông Á với Bệnh viện 199 – Bộ Công An (Đà Nẵng) và Bệnh viện Đa khoa khu vực miền núi phía Bắc Quảng Nam.",,0,"09/05/2024 00:20",N/A,https://www.facebook.com/IAD.DongA/posts/pfbid04QPcAaccjXdRGKaEJuUa3UNA8KW5CySQw1yrMAuNkMiD43EAkARV2pzsn3sA46r7l,0,1,Ảnh,,,,,"Trọn đời",98,72,,3,3,0,0,1,,1,
1024676046329858,100063624155619,"Viện Nghiên cứu Quốc tế về Trí tuệ nhân tạo và Khoa học dữ liệu","Đại học Đông Á trao 3 văn bản hợp tác lĩnh vực vi mạch bán dẫn tại SEMICON Danang 2024 - Ngày vi mạch bán dẫn Đà Nẵng năm 2024:
👉 Đại học Đông Á và Đại học Khoa học Kỹ thuật Minh Tân (Đài Loan) trao Hợp đồng triển khai đào tạo lĩnh vực đóng gói, kiểm thử bán dẫn (chương trình 2+2)
👉 Đại học Đông Á và Công ty CP Tecotec Group và Công ty K&H MFG (Đài Loan) trao Biên bản ghi nhớ hợp tác trong đào tạo và cung ứng nguồn nhân lực lĩnh vực vi mạch bán dẫn
👉 Trao trao biên bản ghi nhớ hợp tác trong Phối hợp và hỗ trợ trong hoạt động nghiên cứu, đào tạo, bồi dưỡng lĩnh vực vi mạch bán dẫn và trí tuệ nhân tạo giữa Trung tâm nghiên cứu, đào tạo thiết kế vi mạch bán dẫn và Trí tuệ nhân tạo Đà Nẵng và Đại học Đông Á
https://donga.edu.vn/tin-tuc/ttsk-chi-tiet/dai-hoc-dong-a-trao-3-van-ban-hop-tac-linh-vuc-vi-mach-ban-dan-tai-semicon-danang-2024-36626?fbclid=IwY2xjawFGN2pleHRuA2FlbQIxMAABHV8S0kffdBGs7rQKB-qEAIM7C2NztXm0ok_tXbz9WYn2CHwR2kwA3eAOjw_aem_QAPsV8tsm1AqSiAElAh6zA
---",,0,"09/05/2024 00:14",N/A,https://www.facebook.com/IAD.DongA/posts/pfbid02NexpDpMuzHv6CdzcJqCrAsVvRghSvSHvaiKaEyZDd6RL74ENDxYSPWxrrrA8Mrnkl,0,1,Ảnh,,,,,"Trọn đời",143,116,,6,5,1,0,6,4,2,
1018822393581890,100063624155619,"Viện Nghiên cứu Quốc tế về Trí tuệ nhân tạo và Khoa học dữ liệu",https://laodong.vn/giao-duc/dai-hoc-dong-a-cong-bo-mo-nganh-dao-tao-bac-si-y-khoa-1386055.ldo,,0,"08/28/2024 03:49",N/A,https://www.facebook.com/IAD.DongA/posts/pfbid02Qv1p9nQNCDzmQuq2wj84F8voCraw6AqXtj2zRpGpYMEvzvKzUvmLggKnUu3g1cMvl,0,0,"Liên kết",,,,,"Trọn đời",142,109,,8,5,3,0,8,5,,3
1017538717043591,100063624155619,"Viện Nghiên cứu Quốc tế về Trí tuệ nhân tạo và Khoa học dữ liệu","Một cuốn sách mới sắp ra mắt của PGS. TSKH. Trần Kim Phúc (thành viên của Viện IAD) tựa đề 𝑨𝒓𝒕𝒊𝒇𝒊𝒄𝒊𝒂𝒍 𝑰𝒏𝒕𝒆𝒍𝒍𝒊𝒈𝒆𝒏𝒄𝒆 𝒇𝒐𝒓 𝑺𝒂𝒇𝒆𝒕𝒚 𝒂𝒏𝒅 𝑹𝒆𝒍𝒊𝒂𝒃𝒊𝒍𝒊𝒕𝒚 𝑬𝒏𝒈𝒊𝒏𝒆𝒆𝒓𝒊𝒏𝒈 
(tạm dịch: Trí tuệ nhân tạo trong An toàn và Kỹ thuật độ tin cậy). 

Cuốn sách này kết quả của một quá trình nghiên cứu lý thuyết mới nhất, những tiến bộ công nghệ và ứng dụng thực tế của Trí tuệ nhân tạo (AI) trong An toàn và Kỹ thuật độ tin cậy. 
Sản xuất thông minh dựa vào Bảo trì dự đoán (PdM) để đảm bảo hệ thống sản xuất bền vững và việc tích hợp AI ngày càng trở nên phổ biến trong lĩnh vực này. 
Nội dung chính của cuốn sách này: 
✔️Mô tả Trí tuệ nhân tạo có hệ thống trong An toàn và Kỹ thuật độ tin cậy.
✔️Cung cấp thông tin chi tiết về việc ra quyết định sáng suốt hơn và phòng ngừa rủi ro hiệu quả hơn trong sản xuất thông minh.
✔️Cung cấp các thuật toán có sẵn để người đọc và người thực hành dễ dàng sử dụng đồng thời đi kèm các tình huống nghiên cứu trong mỗi Chương.

Cuốn sách này là nguồn tài nguyên có giá trị cho các nhà nghiên cứu, học viên và người ra quyết định trong sản xuất. Bằng cách kết hợp nghiên cứu lý thuyết, ứng dụng thực tế và nghiên cứu tình huống, cuốn sách trang bị cho người đọc kiến thức và công cụ cần thiết để triển khai AI trong An toàn và Kỹ thuật độ tin cậy một cách hiệu quả trong bối cảnh sản xuất thông minh.

#UAD #AI #DS #books",,0,"08/26/2024 22:07",N/A,https://www.facebook.com/IAD.DongA/posts/pfbid024ri4Wxy3CUfrjpj8jXgWjuVu9ViHrMkZZZXmhNnDpu6ziJPCAo1sxa87sAioVRG5l,0,0,Ảnh,,,,,"Trọn đời",363,314,,24,19,4,1,14,11,3,
1016718053792324,100063624155619,"Viện Nghiên cứu Quốc tế về Trí tuệ nhân tạo và Khoa học dữ liệu","🎊 Đại học Đông Á vinh danh sinh viên đạt thành tích xuất sắc tại các cuộc thi quốc gia và quốc tế năm học 2023-2024 🎊",,0,"08/25/2024 20:10",N/A,https://www.facebook.com/IAD.DongA/posts/pfbid0dUtETcQPZewGFbyYMSsZXgqafTo13rAetCmDswmUgWaNjSxGpfScMgAH7F1RpzV1l,0,1,Ảnh,,,,,"Trọn đời",115,83,,2,2,0,0,7,2,5,
1009085401222256,100063624155619,"Viện Nghiên cứu Quốc tế về Trí tuệ nhân tạo và Khoa học dữ liệu","📣 TOP NHỮNG NGÀNH ĐẦY TIỀM NĂNG CỦA KHỐI KỸ THUẬT ĐANG ĐƯỢC THỊ TRƯỜNG SĂN ĐÓN NHÂN SỰ 
✅ Công nghệ Kỹ thuật Điện, điện tử, Chuyên ngành Thiết kế vi mạch bán dẫn
✅ Công nghệ Kỹ thuật Điều khiển và Tự động hoá 
✅ Trí tuệ nhân tạo",,0,"08/15/2024 18:32",N/A,https://www.facebook.com/IAD.DongA/posts/pfbid02TNCwzti2mgqU1b9Hik3es7SLLnPavDkRcE1ghjwiuvfYvCj5RWuPYnaCDgYEyGmhl,0,1,Ảnh,,,,,"Trọn đời",127,85,,8,7,1,0,3,2,1,
1008452071285589,100063624155619,"Viện Nghiên cứu Quốc tế về Trí tuệ nhân tạo và Khoa học dữ liệu","#𝐈𝐍𝐓𝐄𝐑𝐍𝐀𝐓𝐈𝐎𝐍𝐀𝐋 𝐂𝐎𝐍𝐅𝐄𝐑𝐄𝐍𝐂𝐄 𝐎𝐍 𝐑𝐄𝐒𝐏𝐎𝐍𝐒𝐈𝐁𝐋𝐄 𝐀𝐑𝐓𝐈𝐅𝐈𝐂𝐈𝐀𝐋 𝐈𝐍𝐓𝐄𝐋𝐋𝐈𝐆𝐄𝐍𝐂𝐄 𝐀𝐍𝐃 𝐃𝐀𝐓𝐀 𝐒𝐂𝐈𝐄𝐍𝐂𝐄 - 𝐄𝐀𝐈 𝐑𝐀𝐈𝐃𝐒 𝟐𝟎𝟐𝟒.
𝑆𝑝𝑒𝑐𝑖𝑎𝑙 𝑠𝑒𝑠𝑠𝑖𝑜𝑛 𝑅𝐴𝐼𝐷𝑆 2024.
---------------------------
🔊🔊🔊HỘI NGHỊ QUỐC TẾ VỀ TRÍ TUỆ NHÂN TẠO CÓ TRÁCH NHIỆM VÀ KHOA HỌC DỮ LIỆU - EAI RAIDS 2024.
👉Chúng ta đang chứng kiến cuộc cách mạng công nghiệp thứ năm (Industry 5.0), với sự phát triển mạnh mẽ của AI và Công nghệ Tính toán. Industry 5.0 tập trung vào sự hợp tác giữa máy móc và con người để cải thiện sản xuất và đáp ứng chính xác nhu cầu khách hàng. Các nguyên tắc chính là Trí tuệ Nhân tạo có trách nhiệm và Khoa học Dữ liệu, đảm bảo tính minh bạch, bảo vệ quyền riêng tư và giảm thiểu thiên lệch. Hội nghị RAIDS 2024 nhằm thúc đẩy sự tương tác giữa các nhà nghiên cứu trong lĩnh vực này. Hội nghị này gồm có 06 phiên đặc biệt:

🟢𝐒𝐩𝐞𝐜𝐢𝐚𝐥 𝐬𝐞𝐬𝐬𝐢𝐨𝐧 𝟎𝟏: 𝐈𝐨𝐓 𝐓𝐞𝐜𝐡𝐧𝐨𝐥𝐨𝐠𝐢𝐞𝐬 𝐟𝐨𝐫 𝐇𝐞𝐚𝐥𝐭𝐡𝐂𝐚𝐫𝐞
🎙️(Công nghê IoT ứng dụng trong lĩnh vực chăm sóc sức khỏe)
📍Phiên đặc biệt này đề cập đến IoT trong chăm sóc sức khỏe, quy tụ các chuyên gia toàn cầu để thiết kế, phát triển và triển khai các giải pháp sức khỏe dựa trên công nghệ. Vai trò của AI trong chăm sóc sức khỏe cũng được nhấn mạnh, tập trung vào lợi ích xã hội và cải thiện sức khỏe tổng thể.
🟢𝐒𝐩𝐞𝐜𝐢𝐚𝐥 𝐬𝐞𝐬𝐬𝐢𝐨𝐧 𝟎𝟐: 𝐒𝐚𝐟𝐞𝐭𝐲 𝐚𝐧𝐝 𝐒𝐞𝐜𝐮𝐫𝐢𝐭𝐲 𝐢𝐧 𝐈𝐧𝐭𝐞𝐫𝐧𝐞𝐭 𝐨𝐟 𝐓𝐡𝐢𝐧𝐠𝐬
🎙️(Sự An toàn và Bảo mật trong Internet vạn vật)
📍Mạng thiết bị IoT kết nối các thiết bị qua Internet để chia sẻ dữ liệu, giúp tăng hiệu quả hoạt động và quản lý rủi ro. AI ngày càng quan trọng trong ứng dụng IoT, đặc biệt là trong bảo mật và an toàn. Hội nghị sẽ thảo luận về các công nghệ này trong sản xuất thông minh, chăm sóc sức khỏe và quản lý chuỗi cung ứng, cùng với chủ đề Công nghiệp 5.0, nơi AI và trí tuệ con người (HI) kết hợp để tạo ra trí tuệ tăng cường (AuI).
🟢𝐒𝐩𝐞𝐜𝐢𝐚𝐥 𝐬𝐞𝐬𝐬𝐢𝐨𝐧 𝟎𝟑: 𝐈𝐧𝐝𝐮𝐬𝐭𝐫𝐢𝐚𝐥 𝐈𝐨𝐓 𝐓𝐞𝐜𝐡𝐧𝐨𝐥𝐨𝐠𝐢𝐞𝐬 𝐚𝐧𝐝 𝐀𝐩𝐩𝐥𝐢𝐜𝐚𝐭𝐢𝐨𝐧𝐬
🎙️(Công nghiệp Internet vạn vật và những ứng dụng)
📍Khám phá cách IndustrialIoT đang cách mạng hóa sản xuất với các nhà máy thông minh của Công nghiệp 5.0. Phiên này tập trung vào vai trò của mạng cảm biến không dây, điện toán đám mây, robot, và hệ thống nhúng trong nâng cao quản lý sản phẩm và quy trình công nghiệp. Tham gia để tìm hiểu về những thách thức, cơ hội, và giải pháp liên quan đến quản lý dữ liệu, điều chỉnh theo thời gian thực, và phản ứng tự động trong sản xuất.
🟢𝐒𝐩𝐞𝐜𝐢𝐚𝐥 𝐒𝐞𝐬𝐬𝐢𝐨𝐧 𝟎𝟒: 𝐀𝐫𝐭𝐢𝐟𝐢𝐜𝐢𝐚𝐥 𝐈𝐧𝐭𝐞𝐥𝐥𝐢𝐠𝐞𝐧𝐜𝐞 𝐟𝐨𝐫 𝐒𝐮𝐬𝐭𝐚𝐢𝐧𝐚𝐛𝐢𝐥𝐢𝐭𝐲.
🎙️(Trí tuệ nhân tạo trong công cuộc phát triển bền vững)
📍Sự bền vững đang trở thành vấn đề quan trọng trong phát triển công nghiệp hiện đại. Hội nghị tập trung vào vai trò của khoa học dữ liệu, học máy và công nghệ thông minh trong giảm thiểu tác động môi trường và thúc đẩy phát triển bền vững.

🟢𝐒𝐩𝐞𝐜𝐢𝐚𝐥 𝐒𝐞𝐬𝐬𝐢𝐨𝐧 𝟎𝟓: 𝐑𝐞𝐬𝐩𝐨𝐧𝐬𝐢𝐛𝐥𝐞 𝐀𝐫𝐭𝐢𝐟𝐢𝐜𝐢𝐚𝐥 𝐈𝐧𝐭𝐞𝐥𝐥𝐢𝐠𝐞𝐧𝐜𝐞 𝐚𝐧𝐝 𝐃𝐚𝐭𝐚 𝐒𝐜𝐢𝐞𝐧𝐜𝐞 𝐟𝐨𝐫 𝐚 𝐁𝐞𝐭𝐭𝐞𝐫 𝐋𝐢𝐟𝐞.
🎙️(Trí tuệ nhân tạo có trách nhiệm và Khoa học dữ liệu vì một cuộc sống tốt đẹp hơn)
📍Công nghệ như AI và Khoa học Dữ liệu đang cải thiện chăm sóc sức khỏe trong nền Công nghiệp 5.0. Hội nghị tập trung vào các hệ thống hỗ trợ quyết định và ứng dụng y tế.

🟢𝐒𝐩𝐞𝐜𝐢𝐚𝐥 𝐒𝐞𝐬𝐬𝐢𝐨𝐧 𝟎𝟔: 𝐀𝐫𝐭𝐢𝐟𝐢𝐜𝐢𝐚𝐥 𝐈𝐧𝐭𝐞𝐥𝐥𝐢𝐠𝐞𝐧𝐜𝐞 𝐟𝐨𝐫 𝐒𝐦𝐚𝐫𝐭 𝐌𝐚𝐧𝐮𝐟𝐚𝐜𝐭𝐮𝐫𝐢𝐧𝐠 𝐢𝐧 𝐈𝐧𝐝𝐮𝐬𝐭𝐫𝐲 𝟓.𝟎.
🎙️(Trí tuệ nhân tạo đối với Sản xuất thông minh trong nền công nghiệp 5.0) 
📍Công nghiệp 5.0 tiếp nối Công nghiệp 4.0 với trọng tâm là con người trong quy trình sản xuất. Hội nghị tập trung vào các phương pháp và thách thức của AI và Augmented Intelligence (AuI) trong sản xuất thông minh.

🟢𝐒𝐩𝐞𝐜𝐢𝐚𝐥 𝐒𝐞𝐬𝐬𝐢𝐨𝐧 𝟎𝟕: 𝐈𝐧𝐧𝐨𝐯𝐚𝐭𝐢𝐯𝐞 𝐀𝐩𝐩𝐥𝐢𝐜𝐚𝐭𝐢𝐨𝐧𝐬 𝐨𝐟 𝐀𝐈, 𝐄𝐝𝐠𝐞 𝐂𝐨𝐦𝐩𝐮𝐭𝐢𝐧𝐠, 𝐚𝐧𝐝 𝐃𝐚𝐭𝐚 𝐒𝐜𝐢𝐞𝐧𝐜𝐞 𝐢𝐧 𝐌𝐨𝐝𝐞𝐫𝐧 𝐈𝐧𝐝𝐮𝐬𝐭𝐫𝐢𝐞𝐬.
🎙️(Các ứng dụng mới của AI, Điện toán biên và Khoa học dữ liệu trong các ngành công nghiệp hiện đại)
📍Công nghiệp 5.0 tích hợp AI, Điện toán biên (Edge Computing) và Khoa học Dữ liệu để nâng cao hiệu suất công nghiệp. Hội nghị khám phá ứng dụng và tác động của các công nghệ này trong ngành.

🟢𝐒𝐩𝐞𝐜𝐢𝐚𝐥 𝐒𝐞𝐬𝐬𝐢𝐨𝐧 𝟎𝟖: 𝐃𝐚𝐭𝐚 𝐒𝐜𝐢𝐞𝐧𝐜𝐞 𝐢𝐧 𝐅𝐢𝐧𝐚𝐧𝐜𝐞.
🎙️(Khoa học dữ liệu trong Tài chính)
📍Dữ liệu thay thế, như thông tin từ cảm biến và mạng xã hội, đang ngày càng quan trọng trong tài chính. Hội nghị sẽ khám phá ứng dụng và thách thức của dữ liệu thay thế trong nghiên cứu tài chính.

🟢𝐒𝐩𝐞𝐜𝐢𝐚𝐥 𝐒𝐞𝐬𝐬𝐢𝐨𝐧 𝟎𝟗: 𝐏𝐡𝐃. 𝐒𝐭𝐮𝐝𝐞𝐧𝐭 𝐏𝐨𝐬𝐭𝐞𝐫 𝐒𝐞𝐬𝐬𝐢𝐨𝐧.
🎙️(Phiên áp-phích dành cho Nghiên cứu sinh tiến sĩ)
📍Phiên đặc biệt này giúp Nghiên cứu sinh tiến sĩ chia sẻ, nhận phản hồi về nghiên cứu đang tiến hành, tạo cơ hội thảo luận và hợp tác với cộng đồng khoa học quốc tế.

📅📅📅𝐂𝐚́𝐜 𝐦𝐨̂́𝐜 𝐭𝐡𝐨̛̀𝐢 𝐠𝐢𝐚𝐧 𝐪𝐮𝐚𝐧 𝐭𝐫𝐨̣𝐧𝐠:
👉Hạn nộp bài báo: 15/09/2024.
👉Ngày diễn ra hội nghị: 22 - 24/10/2024, Đà Nẵng, Việt Nam.

❤️❤️❤️Hãy tham gia cùng chúng tôi để có cơ hội gặp gỡ và trao đổi với các chuyên gia về những vấn đề và những giải pháp thích hợp.

Để biết thêm thông tin, vui lòng truy cập:
- 𝐰𝐞𝐛𝐬𝐢𝐭𝐞 𝐜𝐡𝐢́𝐧𝐡 𝐭𝐡𝐮̛́𝐜 𝐜𝐮̉𝐚 𝐡𝐨̣̂𝐢 𝐧𝐠𝐡𝐢̣:
https://raids.eai-conferences.org/2024/

- Đ𝐞̂̉ gửi 𝐛𝐚̀𝐢 𝐡𝐨̣̂𝐢 𝐧𝐠𝐡𝐢̣:
https://raids.eai-conferences.org/2024/submission/

- 𝐂𝐡𝐢 𝐭𝐢𝐞̂́𝐭 𝐯𝐞̂̀ 𝐜𝐚́𝐜 𝐩𝐡𝐢𝐞̂𝐧 đ𝐚̣̆𝐜 𝐛𝐢𝐞̣̂𝐭:
https://raids.eai-conferences.org/2024/special-sessions/

- 𝐖𝐞𝐛𝐬𝐢𝐭𝐞 𝐜𝐡𝐢́𝐧𝐡 𝐭𝐡𝐮̛́𝐜 𝐜𝐮̉𝐚 𝐄𝐀𝐈:
https://smartlife.eai-summits.org/2024/

Nếu cần thêm thông tin chi tiết, xin vui lòng gửi thư qua địa chỉ email:
𝐢𝐚𝐝@𝐝𝐨𝐧𝐠𝐚.𝐞𝐝𝐮.𝐯𝐧

#UDA #daihocdonga #ai #trituenhantao #eai #SpecialSession #internationalconference #datascience #AIinFinance #ResponsibleArtificialIntelligence",,0,"08/14/2024 23:59",N/A,https://www.facebook.com/IAD.DongA/posts/pfbid02PG8Q3qkF5oTFpAw7FY9goS7QX5au5ifPZUSDrCnKdeJ8udMSyBDbjcfMQvc9vg5Xl,0,0,Ảnh,,,,,"Trọn đời",1278,791,,118,75,26,17,108,44,55,9
1007856008011862,100063624155619,"Viện Nghiên cứu Quốc tế về Trí tuệ nhân tạo và Khoa học dữ liệu","Phát triển chuyên môn AI: Bước đi quyết định để trụ vững trong môi trường cạnh tranh!
----------------------
𝑁ℎ𝑖𝑒̂̀𝑢 𝑐𝑜̂𝑛𝑔 𝑡𝑦 𝑐𝑜̂𝑛𝑔 𝑛𝑔ℎ𝑒̣̂ 𝑛ℎ𝑢̛ 𝐷𝑒𝑙𝑙 đ𝑎𝑛𝑔 đ𝑎̣̆𝑡 𝑐𝑢̛𝑜̛̣𝑐 𝑙𝑜̛́𝑛 𝑣𝑎̀𝑜 𝐴𝐼 𝑣𝑎̀ 𝑡𝑢̛̣ đ𝑜̣̂𝑛𝑔 ℎ𝑜́𝑎 𝑘ℎ𝑖𝑒̂́𝑛 𝑛ℎ𝑖𝑒̂̀𝑢 𝑛𝑔𝑢̛𝑜̛̀𝑖 𝑚𝑎̂́𝑡 𝑣𝑖𝑒̣̂𝑐. 𝑆𝑢̛̣ 𝑡𝑎́𝑐 đ𝑜̣̂𝑛𝑔 𝑐𝑢̉𝑎 𝐴𝐼 𝑑𝑖𝑒̂̃𝑛 𝑟𝑎 𝑚𝑜̣̂𝑡 𝑐𝑎́𝑐ℎ 𝑛ℎ𝑎𝑛ℎ 𝑐ℎ𝑜́𝑛𝑔 𝑡𝑎̣𝑜 𝑛𝑒̂𝑛 𝑛ℎ𝑖𝑒̂̀𝑢 𝑏𝑖𝑒̂́𝑛 𝑡ℎ𝑎𝑦 đ𝑜̂̉𝑖 𝑙𝑜̛́𝑛 𝑡𝑟𝑜𝑛𝑔 𝑔𝑖𝑜̛́𝑖 𝑐𝑜̂𝑛𝑔 𝑛𝑔ℎ𝑒̣̂, 𝑏𝑢𝑜̣̂𝑐 ℎ𝑜̣ 𝑝ℎ𝑎̉𝑖 𝑡𝑎̣̂𝑝 𝑡𝑟𝑢𝑛𝑔 𝑣𝑎̀𝑜 𝐴𝐼 ℎ𝑜𝑎̣̆𝑐 𝑠𝑒̃ 𝑏𝑖̣ 𝑙𝑜𝑎̣𝑖 𝑘ℎ𝑜̉𝑖 𝑐𝑢𝑜̣̂𝑐 𝑐ℎ𝑜̛𝑖.
----------------------
Theo tờ VNExpress đăng ngày 14/08/2024 trên trang công nghệ cho biết: Dell sa thải khoảng 10% nhân lực tương đương với khoảng 12.500 người trong khi Intel cắt giảm 15% nhân sự, khoảng 17.500 người. Sau cuộc đại sa thải 2023, xu hướng vẫn tiếp diễn trong năm 2024. Nguyên nhân của làn sóng sa thải trong năm 2024 cho thấy tác động tiềm tàng của Trí tuệ nhân tạo đến công việc của con người. 
Theo CNBC, dù tin tức về sa thải gây sốc, doanh nghiệp công nghệ vẫn liên tục tuyển người cho dự án AI. Tổ chức đào tạo CompTIA thống kê từ đầu năm đến nay có khoảng 180.000 tin tuyển dụng ở Mỹ liên quan đến AI. Không riêng gì ở thị trường Việt Nam, sự gấp rút trong việc tìm kiếm nhân sự AI đang ngày càng trở nên lan rộng để có thể bắt kịp xu thế toàn cầu.
Với nhu cầu nhân lực AI tăng vọt, việc đầu tư vào học tập và phát triển chuyên môn AI là cơ hội không thể bỏ lỡ. Chương trình đào tạo AI của Trường Đại học Đông Á đang mở ra cánh cửa cho những ai muốn dẫn đầu trong thời đại công nghệ mới. Đăng ký xét tuyển ngành Trí tuệ nhân tạo để bắt kịp xu hướng và làm chủ cuộc chơi để không bị loại bỏ bởi AI.
----------------------
Nguồn tham khảo:
https://vnexpress.net/bong-ma-ai-nguon-con-cua-dot-dai-sa-thai-cong-nghe-moi-4780895.html

Nguồn ảnh:
https://economictimes.indiatimes.com/

#UAD #Daihocdonga #Ai #xuhuong #chip #Trituenhantao",,0,"08/14/2024 05:35",N/A,https://www.facebook.com/IAD.DongA/posts/pfbid09fXJHbhpm1qbmqbfYRD5TJjYTUsUuNTQpiYsdsdMi5WjKt2ExfpGipopmG8gcYkql,0,0,Ảnh,,,,,"Trọn đời",1583,1225,,68,53,9,6,25,24,1,
1007572364706893,100063624155619,"Viện Nghiên cứu Quốc tế về Trí tuệ nhân tạo và Khoa học dữ liệu","𝐈𝐍𝐓𝐄𝐑𝐍𝐀𝐓𝐈𝐎𝐍𝐀𝐋 𝐂𝐎𝐍𝐅𝐄𝐑𝐄𝐍𝐂𝐄 𝐎𝐍 𝐑𝐄𝐒𝐏𝐎𝐍𝐒𝐈𝐁𝐋𝐄 𝐀𝐑𝐓𝐈𝐅𝐈𝐂𝐈𝐀𝐋 𝐈𝐍𝐓𝐄𝐋𝐋𝐈𝐆𝐄𝐍𝐂𝐄 𝐀𝐍𝐃 𝐃𝐀𝐓𝐀 𝐒𝐂𝐈𝐄𝐍𝐂𝐄 - 𝐄𝐀𝐈 𝐑𝐀𝐈𝐃𝐒 𝟐𝟎𝟐𝟒

𝑆𝑝𝑒𝑐𝑖𝑎𝑙 𝑠𝑒𝑠𝑠𝑖𝑜𝑛: 𝐴𝑟𝑡𝑖𝑓𝑖𝑐𝑖𝑎𝑙 𝐼𝑛𝑡𝑒𝑙𝑙𝑖𝑔𝑒𝑛𝑐𝑒 𝑓𝑜𝑟 𝑆𝑢𝑠𝑡𝑎𝑖𝑛𝑎𝑏𝑖𝑙𝑖𝑡𝑦
𝐶ℎ𝑎𝑖𝑟𝑒𝑑 𝑏𝑦: 𝐀𝐬𝐬𝐢𝐬𝐭. 𝐏𝐫𝐨𝐟. 𝐙𝐡𝐞𝐧𝐠𝐥𝐞𝐢 𝐇𝐄 - State Key Laboratory of Pulp and Paper Engineering, South China University of Technology, China
---------------------
HỘI NGHỊ QUỐC TẾ VỀ TRÍ TUỆ NHÂN TẠO CÓ TRÁCH NHIỆM VÀ KHOA HỌC DỮ LIỆU (EAI RAID 2024)

Phiên đặc biệt của Hội nghị RAIDS 2024: 𝑻𝒓𝒊́ 𝒕𝒖𝒆̣̂ 𝒏𝒉𝒂̂𝒏 𝒕𝒂̣𝒐 𝒕𝒓𝒐𝒏𝒈 𝒄𝒐̂𝒏𝒈 𝒄𝒖𝒐̣̂𝒄 𝑷𝒉𝒂́𝒕 𝒕𝒓𝒊𝒆̂̉𝒏 𝒃𝒆̂̀𝒏 𝒗𝒖̛̃𝒏𝒈 

Chủ trì phiên: 𝑮𝒊𝒂́𝒐 𝒔𝒖̛ 𝑻𝒓𝒐̛̣ 𝒍𝒚́ 𝒁𝒉𝒆𝒏𝒈𝒍𝒆𝒊 𝑯𝑬 - Viện nghiên cứu Trọng điểm Nhà nước về Kỹ thuật Bột giấy và Giấy, Đại học Công nghệ Nam Trung Quốc, Trung Quốc.
---------------------
Hội nghị này đi sâu vào vai trò biến đổi của khoa học dữ liệu, học máy, viễn thám và các kỹ thuật thông minh khác trong việc loại bỏ các tác động môi trường như chất ô nhiễm, phát thải khí nhà kính, năng lượng và nước, cũng như tính tuần hoàn của vật liệu, những yếu tố có ảnh hưởng lớn đến sự phát triển bền vững.

Tìm hiểu về những thách thức và cơ hội từ góc độ kỹ thuật hệ thống, được trình bày qua việc tích hợp mô hình hóa, ra quyết định, tối ưu hóa, sắp xếp và kiểm soát.

Tham gia cùng chúng tôi để tương tác với các nhà nghiên cứu và chuyên gia hàng đầu về hệ thống thông minh, tự động hóa, khai thác dữ liệu, bản sao kỹ thuật số, v.v.

👉Để biết thêm thông tin, vui lòng truy cập website chính thức:
https://raids.eai-conferences.org/2024/special-sessions/

🌐 Trang chủ của EAI:
https://smartlife.eai-summits.org/2024/

#EAI #smartlifesummit #uda #artificialintelligence #AI #Datascience #DS #Specialsession #InternationalConference2024 #responsibleartificialintelligence #ResponsibleAI #sustainability",,0,"08/13/2024 20:43",N/A,https://www.facebook.com/IAD.DongA/posts/pfbid025s8skdPZidXSo5pixBfMn7oDpRW4tPqUgyacGvbMB1uVMJsrmyJMMoEqZnNhbNqwl,0,0,Ảnh,,,,,"Trọn đời",144,108,,9,8,1,0,6,,5,1
1007513621379434,100063624155619,"Viện Nghiên cứu Quốc tế về Trí tuệ nhân tạo và Khoa học dữ liệu","💥💥💥Viện Nghiên cứu quốc tế về Trí tuệ nhân tạo và Khoa học dữ liệu (IAD), ĐH Đông Á.

𝗧𝗨𝗬𝗘̂̉𝗡 𝗗𝗨̣𝗡𝗚:

#Vị trí: Nghiên cứu viên cơ hữu tại IAD, ĐH Đông Á, Đà Nẵng.
(Làm việc trực tiếp tại Viện IAD, ĐH Đông Á, Đà Nẵng)
#Mức lương: Thoả thuận theo năng lực. 
#Mô tả công việc:
- Tham gia viết và thực hiện các dự án/đề tài trong - ngoài nước của Viện IAD và trường ĐH Đông Á.
- Tham gia nghiên cứu & xuất bản kết quả trên các tạp chí SCI.
- Tham gia trình bày tại các Hội nghị quốc tế.
- Tham gia các dự án chuyển giao công nghệ của Viện IAD & trường ĐH Đông Á.
- Tổ chức các sự kiện nghiên cứu khoa học, hội nghị, hội thảo về lĩnh vực AI – DS.
- Khuyến khích tham gia giảng dạy (có thu nhập bổ sung).
- Chi tiết công việc sẽ được trao đổi thêm lúc phỏng vấn.
#Yêu cầu:
- Sinh viên sẽ tốt nghiệp trong năm 2024/ Cử nhân/ Kỹ sư/ Thạc sĩ/ Tiến sĩ.
- Chuyên ngành: Trí tuệ nhân tạo/ Khoa học dữ liệu/ Công nghệ thông tin/ Tin học công nghiệp/ Tự động hóa / Điện – Điện tử / Sản xuất tự động/ Toán thống kê/ Tài chính.
- Thông thạo tiếng Anh.
- Lập trình trên Python và R là một lợi thế.
- Kiến thức thống kê/toán ứng dụng là một lợi thế.
- Có kiến thức về Machine Learning.
- Năng động và có khả năng làm việc nhóm.
- Ứng viên có kinh nghiệm giảng dạy/trợ giảng tại các trường Đại học, Cao đẳng là lợi thế.
- Ứng viên là Kỹ Sư chương trình Việt – Pháp (P.F.I.E.V) là lợi thế.
#Quyền lợi:
- Trong vòng hai năm kể từ ngày ký hợp đồng, ứng viên giỏi sẽ có cơ hội được cử đi làm Thạc sĩ/Tiến sĩ/Sau Tiến sĩ tại châu Âu.
- Được hưởng đầy đủ quyền lợi của một cán bộ thuộc Đại học Đông Á.
#Ứng viên vui lòng gửi CV ứng tuyển về email: iad@donga.edu.vn, tiêu đề: 
Ứng tuyển vị trí Nghiên cứu viên – [Họ & Tên].
#Deadline: 15/09/2024 hoặc đến khi tuyển đủ.
------------------------------------------
Viện Nghiên cứu quốc tế về Trí tuệ nhân tạo và Khoa học dữ liệu (IAD), tiền thân là Bộ phận Trí tuệ nhân tạo, được thành lập vào năm 2017 bởi Đại học Đông Á. 
- IAD tập trung vào việc nghiên cứu, phát triển các phương pháp mới trong Trí tuệ nhân tạo và Khoa học dữ liệu (TTNT & KHDL). 
- IAD đặt mục tiêu phát triển và áp dụng các kết quả nghiên cứu trong lĩnh vực TTNT & KHDL vào thực tế tại Việt Nam và hợp tác nghiên cứu với các nước trên thế giới.
- Hiện nay các lĩnh vực nghiên cứu của IAD tập trung vào 4 trục chính:
a) Trí tuệ nhân tạo nhúng;
b) Trí tuệ nhân tạo trong Sản xuất thông minh;
c) Trí tuệ nhân tạo trong Chăm sóc sức khỏe thông minh;
d) Khoa học dữ liệu và Trí tuệ nhân tạo có trách nhiệm và các ứng dụng
#Tìm hiểu thêm thông tin của Viện IAD tại:
- Website: https://iad.donga.edu.vn/
- Fanpage: https://www.facebook.com/IAD.DongA/

#DaihocDongA #UDA #iad #udatuyendung #AIjob #hiring",,0,"08/13/2024 18:40",N/A,https://www.facebook.com/IAD.DongA/posts/pfbid0RhfZdinKggbwBRMEhreekfRiCqvvDLa1MDSbedqopeQBs5kGVVMeLLnL2GFNZA8ul,0,0,Ảnh,,,,,"Trọn đời",3185,2988,,50,30,16,4,158,128,15,15
1006287208168742,100063624155619,"Viện Nghiên cứu Quốc tế về Trí tuệ nhân tạo và Khoa học dữ liệu","🎓 Đạ𝐢 𝐡ọ𝐜 Đô𝐧𝐠 Á 𝐭𝐫𝐚𝐧𝐠 𝐛ị 𝐅𝐏𝐆𝐀 𝐀𝐋𝐈𝐍𝐗 - 𝐂ô𝐧𝐠 𝐜ụ 𝐭𝐢ê𝐧 𝐭𝐢ế𝐧 𝐜𝐡𝐨 𝐬𝐢𝐧𝐡 𝐯𝐢ê𝐧 𝐧𝐠à𝐧𝐡 𝐓𝐫í 𝐭𝐮ệ 𝐧𝐡â𝐧 𝐭ạ𝐨 (𝐀𝐈) 𝐯à 𝐇ệ 𝐭𝐡ố𝐧𝐠 𝐧𝐡ú𝐧𝐠 𝐭𝐡ô𝐧𝐠 𝐦𝐢𝐧𝐡 𝐭𝐡ự𝐜 𝐡𝐢ệ𝐧 𝐝ự á𝐧 𝐀𝐈.
--------------------
Giờ đây sinh viên không chỉ học lý thuyết mà còn có cơ hội tiếp cận thiết bị để giải quyết các vấn đề lĩnh vực AI trong thực tiễn và hệ thống nhúng thông minh.

--------------------
💡 FPGA ALINX có khả năng trong việc:
• 𝐏𝐡á𝐭 𝐭𝐫𝐢ể𝐧 ứ𝐧𝐠 𝐝ụ𝐧𝐠 𝐀𝐈 𝐦ạ𝐧𝐡 𝐦ẽ: FPGA ALINX là công cụ lý tưởng cho việc phát triển các ứng dụng AI phức tạp nhờ khả năng xử lý song song và tối ưu hóa hiệu suất.

• 𝐇ỗ 𝐭𝐫ợ 𝐭𝐡𝐢ế𝐭 𝐤ế 𝐯𝐢 𝐦ạ𝐜𝐡 𝐛á𝐧 𝐝ẫ𝐧 𝐭ù𝐲 𝐛𝐢ế𝐧: FPGA hỗ trợ thiết kế, mô phỏng và thử nghiệm các vi mạch các mạch số phức tạp bằng cách lập trình trực tiếp trên phần cứng. Kiểm tra và tinh chỉnh các mạch trước khi chuyển sang sản xuất trên silicon thực tế.

• 𝐌ô 𝐩𝐡ỏ𝐧𝐠 𝐜𝐡í𝐧𝐡 𝐱á𝐜: FPGA có thể mô phỏng hoạt động của các vi mạch bán dẫn trong môi trường thực, đánh giá hiệu suất và hiệu quả của thiết kế trong thời gian thực. Giúp phát hiện sớm các vấn đề tiềm ẩn và tối ưu hóa thiết kế để đạt được hiệu suất cao nhất.

FPGA (Field-Programmable Gate Array) của ALINX là thiết bị phần cứng có mức độ tùy biến cao được sử dụng cho các ứng dụng số hóa, lập trình logic, và các nhiệm vụ yêu cầu hiệu suất lớn trong lĩnh vực điện tử.

#ĐạiHọcĐôngÁ #ViệnIAD #FPGAALINX #TríTuệNhânTạo #ViMạchBánDẫn #NghiênCứuCôngNghệ",,0,"08/12/2024 01:48",N/A,https://www.facebook.com/IAD.DongA/posts/pfbid0ic3aWJgFVfsFeZTqEnLQ2mT3ZfD2rWMA38PuqGzdawbJqkLRQrrK68ZvrJsPMtkTl,0,0,Ảnh,,,,,"Trọn đời",3710,2627,,272,187,24,61,149,107,42,
1001936338603829,100063624155619,"Viện Nghiên cứu Quốc tế về Trí tuệ nhân tạo và Khoa học dữ liệu","🔊🔊🔊XÉT TUYỂN NGÀNH TRÍ TUỆ NHÂN TẠO (AI) – TRƯỜNG ĐẠI HỌC ĐÔNG Á
Chỉ tiêu dành cho “XÉT ĐIỂM THI THPT” và “XÉT HỌC BẠ THPT ĐỢT 4” với vô vàn ưu đãi học bổng dành riêng cho ngành AI.

👉Mã trường: DAD
👉Mã ngành: 
- 7480107 (Cơ sở chính ở Đà Nẵng)
- 7480107DL (Cơ sở tại Daklak)

👉Các chuyên ngành đào tạo: 
- Trí tuệ nhân tạo trong Thiết kế Vi mạch bán dẫn (IC)
- Kỹ sư Trí tuệ nhân tạo

🍀🍀🍀Link đăng kí xét tuyển: https://donga.edu.vn/tuyensinh/dang-ky/xt-theo-truc-tuyen?utm_source=sales&utm_term=uc

💃Hiện tại Trí tuệ nhân tạo và Vi mạch bán dẫn đang là xu thế dẫn đầu trong bối cảnh công nghệ hiện tại. Nhanh tay đăng kí xét tuyển để nắm chắc cơ hội giành học bổng tại Trường Đại học Đông Á.

🎓🎓🎓Chương trình đào tạo ngành Trí tuệ nhân tạo tại Trường Đại học Đông Á:
Trường Đại học Đông Á chú trọng đào tạo nhân lực bài bản, có trình độ chuyên môn cao và tính thực tiễn trong xã hội. Các điểm nổi bật như:
- Chương trình đào tạo cung cấp những kĩ năng từ cơ bản tới nâng cao trong thiết kế chip.
- Trường cung cấp đầy đủ các trang thiết bị và phần mềm chuyên dụng để thiết kế chip như các tập đoàn lớn vẫn đang triển khai.
- Chú trọng đào tạo chuyên sâu Trí tuệ nhân tạo ứng dụng trong sản xuất thông minh, Y tế thông minh, Trí tuệ nhân tạo trong các bài toán tài chính…
Hiện nay Viện Nghiên cứu Quốc tế về Trí tuệ nhân tạo và Khoa học dữ liệu trực thuộc Trường Đại học Đông Á (được thành lập năm 2017) chú trọng ứng dụng AI vào các lĩnh vực như sản xuất thông minh, y tế, tài chính… Viện sẽ nơi lý tưởng để giúp sinh viên ngành AI có cơ hội trao đổi, học tập và phát triển các kĩ năng thông qua dự án ngay khi đang ngồi trên ghế giảng đường, giúp các bạn vững bước trong tương lai

#AI #thietkechip #AI #UAD #Tuyensinhdaihoc #IC #trituenhantao",,0,"08/05/2024 18:54",N/A,https://www.facebook.com/IAD.DongA/posts/pfbid0YQnJ14YRJWRjiZn5F5C3QbTQUs9B3kF5Af5bh2yzCzHzMDGCo7GX2PpFUuz7jhbkl,0,0,Ảnh,,,,,"Trọn đời",747,640,,25,16,4,5,10,8,,2
1001213412009455,100063624155619,"Viện Nghiên cứu Quốc tế về Trí tuệ nhân tạo và Khoa học dữ liệu","Các bạn SV UDA quá xịn <3 <3 <3",,0,"08/04/2024 17:54",N/A,https://www.facebook.com/IAD.DongA/posts/pfbid02pVsVnCTa2AsuomyJwBz4pK8VHxu68eXdr61ovsPsPiSVkxxiJM3qnGqc16YxP9FDl,0,1,Ảnh,,,,,"Trọn đời",153,128,,5,3,0,2,6,5,1,
999462072184589,100063624155619,"Viện Nghiên cứu Quốc tế về Trí tuệ nhân tạo và Khoa học dữ liệu","AI và thiết kế vi mạch, bán dẫn (chip) là xu thế của thời đại?
-------------
Theo tờ VNExpress đưa tin ngày 02/08/2024, Intel sa thải 17.500 nhân viên. Hãng chip Mỹ dự báo doanh thu quý III/2024 thấp hơn ước tính, do nhu cầu thị trường dành cho chip trung tâm dữ liệu truyền thống đang có xu hướng giảm trước cơn sốt chip AI - lĩnh vực công ty đang tụt hậu so với các đối thủ. Vậy Trí tuệ nhân tạo (AI) có mối liên hệ mật thiết như thế nào trong việc sản xuất Chip?

𝟏. 𝑽𝒊 𝒎𝒂̣𝒄𝒉 𝒃𝒂́𝒏 𝒅𝒂̂̃𝒏 𝒍𝒂̀ 𝒈𝒊̀?
“Chip” hay còn gọi là “Vi mạch bán dẫn” được ví như là bộ não sống của hầu hết tất cả các đồ dùng điện tử giúp đảm bảo các thiết bị đó hoạt động một cách bình thường, ổn định và hiệu suất. Nhưng gần đây, sự phát triển của Trí tuệ nhân tạo đã tạo nên những biến động lớn và có tác động sâu sắc đến hầu hết mọi lĩnh vực (công nghệ, y tế, sản xuất, tài chính, giáo dục…). Một trong số đó phải được kể đến như là sản xuất các vi mạch bán dẫn tích hợp AI.

𝟐. 𝐂𝐚́𝐜 𝐭𝐚̣̂𝐩 đ𝐨𝐚̀𝐧 𝐬𝐚̉𝐧 𝐱𝐮𝐚̂́𝐭 𝐜𝐡𝐢𝐩 𝐡𝐚̀𝐧𝐠 đ𝐚̂̀𝐮 đ𝐚̃ 𝐚́𝐩 𝐝𝐮̣𝐧𝐠 𝐀𝐈 𝐭𝐫𝐨𝐧𝐠 𝐯𝐢𝐞̣̂𝐜 𝐬𝐚̉𝐧 𝐱𝐮𝐚̂́𝐭 𝐜𝐡𝐢𝐩.
Việc Intel sa thải hàng chục nghìn nhân viên là điều dễ hiểu. Bởi vì các hãng sản xuất chip hàng đầu như NVIDIA đã nhanh chóng áp dụng công cụ AI để tăng cường hiệu suất, đồng thời cải tiến quy trình thiết kế chip. Hơn thế nữa, việc tích hợp AI trực tiếp vào chip bán dẫn đang là xu hướng đang được nhiều công ty lớn theo đuổi nhằm tối ưu hóa hiệu suất và khả năng của các thiết bị điện tử.

𝟑. 𝐔̛́𝐧𝐠 𝐝𝐮̣𝐧𝐠 𝐀𝐈 𝐭𝐫𝐨𝐧𝐠 𝐬𝐚̉𝐧 𝐱𝐮𝐚̂́𝐭 𝐭𝐡𝐨̂𝐧𝐠 𝐦𝐢𝐧𝐡, 𝐘 𝐭𝐞̂́…
Khả năng ứng dụng của AI không dừng lại ở việc thiết kế chip, nhưng là trên hầu hết tất cả mọi lĩnh vực như cách mà con người sử dụng Internet. Một trong những xu hướng được yêu thích nhất là ứng dụng AI trong Y tế và sản xuất thông mình. Hiện nay Viện Nghiên cứu Quốc Tế về Trí tuệ nhân tạo và Khoa học dữ liệu (Viện IAD) đang dẫn đầu trong việc nghiên cứu ứng dụng của AI trong Y tế thông minh và sản xuất. Viện là nơi quy tụ nhiều cán bộ giảng viên uy tín giàu kinh nghiệm trong nghiên cứu AI vào thực tiễn, góp phần thúc đẩy sự phát triển của xã hội.

𝟒. 𝐂𝐡𝐮̛𝐨̛𝐧𝐠 𝐭𝐫𝐢̀𝐧𝐡 đ𝐚̀𝐨 𝐭𝐚̣𝐨 𝐧𝐠𝐚̀𝐧𝐡 𝐓𝐫𝐢́ 𝐭𝐮𝐞̣̂ 𝐧𝐡𝐚̂𝐧 𝐭𝐚̣𝐨 𝐯𝐚̀ 𝐭𝐡𝐢𝐞̂́𝐭 𝐤𝐞̂́ 𝐯𝐢 𝐦𝐚̣𝐜𝐡 𝐛𝐚́𝐧 𝐝𝐚̂̃𝐧
Hiện tại, Trường Đại học Đông Á đang tuyển sinh ngành Trí tuệ Nhân tạo (AI) với hướng đào tạo đặc biệt về ứng dụng AI trong sản xuất thông minh, bao gồm cả sản xuất chip. Sinh viên tham gia chương trình sẽ được trang bị đầy đủ trang thiết bị và phần mềm hiện đại, nhằm thực hành và trau dồi các kỹ năng cần thiết để thiết kế vi mạch bán dẫn. Chương trình học không chỉ cung cấp kiến thức lý thuyết mà còn tập trung vào thực hành, giúp sinh viên phát triển khả năng ứng dụng AI vào các quy trình sản xuất, từ đó nâng cao hiệu quả và hiệu suất trong lĩnh vực công nghệ bán dẫn.

𝐍𝐠𝐮𝐨̂̀𝐧 𝐭𝐡𝐚𝐦 𝐤𝐡𝐚̉𝐨:
https://vnexpress.net/intel-sa-thai-17-500-nhan-vien-4776888.html
https://techwireasia.com/2023/11/how-is-nvidia-using-ai-chatbots-to-innovate-chip-designs/
https://www.reuters.com/technology/nvidia-shows-new-research-using-ai-improve-chip-designs-2023-03-28/

Nguồn ảnh: https://www.linkedin.com/pulse/difference-between-ai-chips-gpu-asourcing-electronics-limited-z94zc

#UDA #AI #IC #Bandan #thietkechip #vimachbandan",,0,"08/02/2024 05:16",N/A,https://www.facebook.com/IAD.DongA/posts/pfbid0Wn6Xg7YiZuPwinoM5thkSZgejsPFDUVWB3jX7EY98Ays6EJYttPdBMfFfSLqCGGDl,0,0,Ảnh,,,,,"Trọn đời",871,749,,30,25,3,2,20,20,,
997930242337772,100063624155619,"Viện Nghiên cứu Quốc tế về Trí tuệ nhân tạo và Khoa học dữ liệu","Chào mừng diễn giả chính cho Hội nghị Quốc tế về Trí tuệ nhân tạo có trách nhiệm (Responsible Artificial Intelligence) và Khoa học dữ liệu - 𝐄𝐀𝐈 𝐑𝐀𝐈𝐃𝐒 𝟐𝟎𝟐𝟒.

Thời gian và địa điểm diễn ra hội nghị:
📅 Thời gian: 22 - 24, tháng 10, 2024.
📍 Địa điểm: Đà Nẵng, Việt Nam.

Hội nghị lần này có sự góp mặt lớn của các chuyên gia là các Giáo sư hàng đầu trong lĩnh vực Trí tuệ nhân tạo, Robot và Khoa học dữ liệu. Chúng tôi tự hào giới thiệu hai chuyên gia diễn giả chính:

𝟏. 𝐏𝐫𝐨𝐟. 𝐇𝐨𝐧𝐠𝐦𝐞𝐢 𝐇𝐞
Giáo sư tại Đại học Salford, Anh, chuyên về Robot Tương lai và Hệ thống Kỹ thuật. Với nền tảng vững chắc trong AI, Machine Learning, và An ninh mạng, đã tham gia nhiều dự án quốc tế và xuất bản nhiều công trình nghiên cứu. Cũng là thành viên tích cực của IEEE và các tổ chức khoa học khác.

𝟐. 𝐏𝐫𝐨𝐟. 𝐁𝐫𝐮𝐧𝐨 𝐀𝐠𝐚𝐫𝐝
Giáo sư tại Ecole Polytechnique de Montréal, Canada, chuyên về Toán học và Kỹ thuật Công nghiệp. Có gần 190 xuất bản và nhiều giải thưởng uy tín. Lĩnh vực nghiên cứu chính bao gồm thiết kế sản phẩm, sản xuất, và ứng dụng khai thác dữ liệu.

Hội nghị lần này chính là bước ngoặt lớn cho sự hợp tác giữa Liên minh Châu Âu vì sự đổi mới sáng tạo và Trường Đại học Đông Á. Hãy tham gia cùng chúng tôi để lắng nghe những chia sẻ sâu sắc và tầm nhìn chiến lược từ hai chuyên gia hàng đầu này!

Website chính thức của Hội nghị Quốc tế về Trí tuệ nhân tạo và Khoa học dữ liệu có trách nhiệm - EAI RAIDS 2024:
𝐡𝐭𝐭𝐩𝐬://𝐫𝐚𝐢𝐝𝐬.𝐞𝐚𝐢-𝐜𝐨𝐧𝐟𝐞𝐫𝐞𝐧𝐜𝐞𝐬.𝐨𝐫𝐠/𝟐𝟎𝟐𝟒/

Website chính thức của Hội nghị Thượng đỉnh:
𝐡𝐭𝐭𝐩𝐬://𝐬𝐦𝐚𝐫𝐭𝐥𝐢𝐟𝐞.𝐞𝐚𝐢-𝐬𝐮𝐦𝐦𝐢𝐭𝐬.𝐨𝐫𝐠/𝟐𝟎𝟐𝟒/",,0,"07/31/2024 02:18",N/A,https://www.facebook.com/IAD.DongA/posts/pfbid02GrbVkN8xmbaDgS6PGKCHbAq4p5U1JwkjdWXfoq5z1FFmNRLosKqcsywu1B6HNJ7cl,0,0,Ảnh,,,,,"Trọn đời",294,249,,25,22,2,1,21,12,8,1
997670952363701,100063624155619,"Viện Nghiên cứu Quốc tế về Trí tuệ nhân tạo và Khoa học dữ liệu","𝐂𝐀𝐋𝐋 𝐅𝐎𝐑 𝐏𝐀𝐏𝐄𝐑𝐒!!!
🟢𝐄𝐀𝐈 𝐒𝐌𝐀𝐑𝐓 𝐋𝐈𝐅𝐄 𝐒𝐔𝐌𝐌𝐈𝐓 𝟐𝟎𝟐𝟒: 𝐓𝐇𝐄 𝐀𝐈 𝐄𝐑𝐀
𝑰𝒏𝒕𝒆𝒓𝒏𝒂𝒕𝒊𝒐𝒏𝒂𝒍 𝑪𝒐𝒏𝒇𝒆𝒓𝒆𝒏𝒄𝒆 𝒐𝒏 𝑹𝒆𝒔𝒑𝒐𝒏𝒔𝒊𝒃𝒍𝒆 𝑨𝒓𝒕𝒊𝒇𝒊𝒄𝒊𝒂𝒍 𝑰𝒏𝒕𝒆𝒍𝒍𝒊𝒈𝒆𝒏𝒄𝒆 𝒂𝒏𝒅 𝑫𝒂𝒕𝒂 𝑺𝒄𝒊𝒆𝒏𝒄𝒆 - 𝑬𝑨𝑰 𝑹𝑨𝑰𝑫𝑺 𝟐𝟎𝟐𝟒.
====
For upcoming the EAI RAIDS 2024. The aim of the conference is to stimulate interaction and convergent among researchers active in the areas of Responsible AI and Data Science. All topics are in the context of Trustworthy and Responsible AI and Data Science.
For more detail, please follow this: https://raids.eai-conferences.org/2024/submission/
𝟏. 𝐒𝐜𝐢𝐞𝐧𝐭𝐢𝐟𝐢𝐜 𝐚𝐫𝐞𝐚𝐬 𝐨𝐟 𝐢𝐧𝐭𝐞𝐫𝐞𝐬𝐭 𝐢𝐧𝐜𝐥𝐮𝐝𝐞, 𝐛𝐮𝐭 𝐧𝐨𝐭 𝐥𝐢𝐦𝐢𝐭𝐞𝐝 𝐭𝐨, 𝐭𝐡𝐞 𝐟𝐨𝐥𝐥𝐨𝐰𝐢𝐧𝐠 𝐟𝐢𝐞𝐥𝐝𝐬:
𝐄𝐱𝐩𝐥𝐚𝐢𝐧𝐚𝐛𝐥𝐞, 𝐓𝐫𝐮𝐬𝐭𝐰𝐨𝐫𝐭𝐡𝐲, 𝐚𝐧𝐝 𝐓𝐫𝐚𝐧𝐬𝐩𝐚𝐫𝐞𝐧𝐭 𝐀𝐫𝐭𝐢𝐟𝐢𝐜𝐢𝐚𝐥 𝐈𝐧𝐭𝐞𝐥𝐥𝐢𝐠𝐞𝐧𝐜𝐞: 
Self-Supervised Learning, Adversarial Machine Learning,  Anomaly Detection, Federated Learning, Federated Reinforcement Learning, Multimodal Deep Learning, Quantum Machine Learning, Physics-informed Machine Learning, Inverse Reinforcement Learning.
𝐄𝐭𝐡𝐢𝐜𝐚𝐥 𝐚𝐧𝐝 𝐇𝐮𝐦𝐚𝐧-𝐜𝐞𝐧𝐭𝐞𝐫𝐞𝐝 𝐀𝐫𝐭𝐢𝐟𝐢𝐜𝐢𝐚𝐥 𝐈𝐧𝐭𝐞𝐥𝐥𝐢𝐠𝐞𝐧𝐜𝐞: Human-Centered Edge AI, Embedded AI, Wearable AI Devices, Human-Centered Design to Address Biases in AI, Augmented Intelligence,  Human-Robot relations and collaborations, Human Impact, Augment Human Capabilities, and Intelligence.
𝐒𝐚𝐟𝐞𝐭𝐲 𝐚𝐧𝐝 𝐑𝐞𝐥𝐢𝐚𝐛𝐢𝐥𝐢𝐭𝐲 𝐨𝐟 𝐀𝐫𝐭𝐢𝐟𝐢𝐜𝐢𝐚𝐥 𝐈𝐧𝐭𝐞𝐥𝐥𝐢𝐠𝐞𝐧𝐜𝐞: Adversarial Attack Detection, Detecting Poisoning Attacks, Cybersecurity for AI Systems, Blockchain Empowered Federated Learning, Consensus Protocol, Evolutionary Computing, Swarm Algorithms.
𝐓𝐫𝐮𝐬𝐭𝐰𝐨𝐫𝐭𝐡𝐲 𝐀𝐈 𝐟𝐨𝐫 𝐑𝐨𝐛𝐨𝐭𝐢𝐜𝐬 𝐚𝐧𝐝 𝐀𝐮𝐭𝐨𝐧𝐨𝐦𝐨𝐮𝐬 𝐒𝐲𝐬𝐭𝐞𝐦𝐬:  Human-centered AI for Trustworthy Robots and Autonomous Systems, Ethical robotics, autonomous systems and AI, Responsible AI for Long-term Trustworthy Autonomous Systems.
𝐈𝐧𝐭𝐞𝐥𝐥𝐢𝐠𝐞𝐧𝐭 𝐃𝐞𝐜𝐢𝐬𝐢𝐨𝐧 𝐒𝐮𝐩𝐩𝐨𝐫𝐭 𝐒𝐲𝐬𝐭𝐞𝐦𝐬: Embedding domain knowledge for Machine Learning, Clinical Decision Support Systems, Supply Chain Optimization, Production Optimization, Demand Forecasting,  Cybersecurity for industrial control systems, Fault Detection and Diagnostics, Predictive Maintenance, Natural Language Processing for Fashion Trends Detection.
𝐃𝐢𝐠𝐢𝐭𝐚𝐥 𝐓𝐰𝐢𝐧𝐬: Digital Twins in Healthcare, Digital Twin Application for Production Optimization, Digital Twin Drives Smart Manufacturing.
𝐀𝐩𝐩𝐥𝐢𝐜𝐚𝐭𝐢𝐨𝐧𝐬 𝐨𝐟 𝐀𝐈, 𝐄𝐝𝐠𝐞 𝐂𝐨𝐦𝐩𝐮𝐭𝐢𝐧𝐠, 𝐚𝐧𝐝 𝐃𝐚𝐭𝐚 𝐒𝐜𝐢𝐞𝐧𝐜𝐞 𝐢𝐧 𝐈𝐧𝐝𝐮𝐬𝐭𝐫𝐲 𝟓.𝟎: Digital Transition and AI, Twin Green and Digital Transition, AI for Health and Wellbeing, Smart Healthcare, Smart Manufacturing, Workplace Safety Wearables, Reliability Engineering, AI-aided Knowledge Discovery,  Sustainable Fashion, Hardware Bit-Flipping Attack.
𝟐. 𝐈𝐦𝐩𝐨𝐫𝐭𝐚𝐧𝐭 𝐃𝐚𝐭𝐞𝐬
𝟏𝟓 𝐒𝐞𝐩𝐭𝐞𝐦𝐛𝐞𝐫 𝟐𝟎𝟐𝟒
Full Paper Submission deadline
𝟐𝟓 𝐒𝐞𝐩𝐭𝐞𝐦𝐛𝐞𝐫 𝟐𝟎𝟐𝟒
Notification deadline
𝟑𝟎 𝐒𝐞𝐩𝐭𝐞𝐦𝐛𝐞𝐫 𝟐𝟎𝟐𝟒
Camera-ready deadline
The aim of the conference is to stimulate interaction and convergent among researchers active in the areas of Responsible AI and Data Science. 
Please visit our website for further information.
https://raids.eai-conferences.org/2024/
#UDA #DaiHocDongA #TriTueNhanTao #KhoaHocDuLieu #AI #IoT #AIIoT #HealthyInIoT #DataScience #ResponsibleAI #TheEAIEra #EAISmartLifeSubmit #ScopeAndTopics #CallForPaper #Submitpaper",,0,"07/30/2024 18:23",N/A,https://www.facebook.com/IAD.DongA/posts/pfbid0YzdtftWZ6ZV5ahhhs1e6gMii75NUhSvhaSEnTVC4rn5SdnNcLiyZ8mPQGkrjuT1Rl,0,0,Ảnh,,,,,"Trọn đời",896,667,,47,30,14,3,31,22,2,7
994231419374321,100063624155619,"Viện Nghiên cứu Quốc tế về Trí tuệ nhân tạo và Khoa học dữ liệu","🔊🔊🔊🔊𝐄𝐀𝐈 𝐒𝐌𝐀𝐑𝐓 𝐋𝐈𝐅𝐄 𝐒𝐔𝐌𝐌𝐈𝐓 𝟐𝟎𝟐𝟒: 𝐓𝐇𝐄 𝐀𝐈 𝐄𝐑𝐀

𝐈𝐧𝐭𝐞𝐫𝐧𝐚𝐭𝐢𝐨𝐧𝐚𝐥 𝐂𝐨𝐧𝐟𝐞𝐫𝐞𝐧𝐜𝐞 𝐨𝐧 𝐑𝐞𝐬𝐩𝐨𝐧𝐬𝐢𝐛𝐥𝐞 𝐀𝐫𝐭𝐢𝐟𝐢𝐜𝐢𝐚𝐥 𝐈𝐧𝐭𝐞𝐥𝐥𝐢𝐠𝐞𝐧𝐜𝐞 𝐚𝐧𝐝 𝐃𝐚𝐭𝐚 𝐒𝐜𝐢𝐞𝐧𝐜𝐞
Hội nghị Quốc tế về Trí tuệ Nhân tạo có trách nhiệm và Khoa học Dữ liệu (EAI RAIDS - 2024)

📅 Thời gian: 22 - 24, tháng 10, 2024.
📍 Địa điểm: Đà Nẵng, Việt Nam.

1. Tất cả các bài báo được chấp nhận sẽ được xuất bản trong loạt sách 𝐒𝐩𝐫𝐢𝐧𝐠𝐞𝐫 𝐄𝐀𝐈𝐒𝐈𝐂𝐂 và có sẵn qua Thư viện Kỹ thuật số 𝐒𝐩𝐫𝐢𝐧𝐠𝐞𝐫𝐋𝐢𝐧𝐤 (được lập chỉ mục bởi 𝐒𝐜𝐨𝐩𝐮𝐬, Thư viện Kỹ thuật số 𝐀𝐂𝐌, 𝐝𝐛𝐥𝐩, 𝐆𝐨𝐨𝐠𝐥𝐞 𝐒𝐜𝐡𝐨𝐥𝐚𝐫).

2. Kỷ yếu sẽ được nộp để đưa vào các dịch vụ lập chỉ mục hàng đầu, như 𝐖𝐞𝐛 𝐨𝐟 𝐒𝐜𝐢𝐞𝐧𝐜𝐞, 𝐂𝐨𝐦𝐩𝐞𝐧𝐝𝐞𝐱, 𝐒𝐜𝐨𝐩𝐮𝐬, 𝐃𝐁𝐋𝐏, 𝐄𝐔 𝐃𝐢𝐠𝐢𝐭𝐚𝐥 𝐋𝐢𝐛𝐫𝐚𝐫𝐲, 𝐆𝐨𝐨𝐠𝐥𝐞 𝐒𝐜𝐡𝐨𝐥𝐚𝐫, 𝐈𝐎-𝐏𝐨𝐫𝐭, 𝐌𝐚𝐭𝐡𝐒𝐜𝐢𝐍𝐞𝐭, 𝐈𝐧𝐬𝐩𝐞𝐜 và 𝐙𝐞𝐧𝐭𝐫𝐚𝐥𝐛𝐥𝐚𝐭𝐭 𝐌𝐀𝐓𝐇.

3. Các tác giả của những bài báo được chọn sẽ được mời gửi phiên bản mở rộng đến:
Tạp chí 𝐒𝐩𝐫𝐢𝐧𝐠𝐞𝐫 𝐌𝐨𝐛𝐢𝐥𝐞 𝐍𝐞𝐭𝐰𝐨𝐫𝐤𝐬 𝐚𝐧𝐝 𝐀𝐩𝐩𝐥𝐢𝐜𝐚𝐭𝐢𝐨𝐧𝐬 (𝐌𝐎𝐍𝐄𝐓) hoặc Tạp chí 𝐒𝐩𝐫𝐢𝐧𝐠𝐞𝐫 𝐖𝐢𝐫𝐞𝐥𝐞𝐬𝐬 𝐍𝐞𝐭𝐰𝐨𝐫𝐤𝐬 (𝐖𝐈𝐍𝐄𝐓).

4. Tất cả các tác giả được chấp nhận đều có thể nộp phiên bản mở rộng trong một đợt xem xét nhanh của Giao dịch được EAI ủng hộ và Cơ hội xuất bản bổ sung:

- EAI Transactions series (𝐎𝐩𝐞𝐧 𝐀𝐜𝐜𝐞𝐬𝐬)
- Loạt sách EAI/Springer Innovations in Communications and Computing
(các tựa sách trong loạt này được lập chỉ mục trong Ei Compendex, Web of Science & Scopus)

🔍 Về 𝐄𝐀𝐈 𝐑𝐀𝐈𝐃𝐒 - 𝟐𝟎𝟐𝟒:
Hội nghị sẽ tập trung vào các nghiên cứu và thảo luận về trí tuệ nhân tạo (AI) và khoa học dữ liệu (Data Science) với trọng tâm là các ứng dụng và phương pháp có trách nhiệm và đạo đức. Đây là cơ hội tuyệt vời để chia sẻ kiến thức và kết nối với các chuyên gia hàng đầu trong lĩnh vực để các nhà nghiên cứu, học giả, và sinh viên sau đại học trình bày các nghiên cứu mới nhất và đóng góp vào sự phát triển của lĩnh vực AI và Data Science. Hãy submit bài báo của bạn ngay hôm nay và trở thành một phần của sự kiện đáng mong đợi này!

🔗 Link nộp bài và thêm thông tin: https://raids.eai-conferences.org/2024/submission/

🔗 Link Hội nghị Thượng đỉnh: https://smartlife.eai-summits.org/2024/

#EAI #EAIRAIDS2024 #TheAIEra #EAISmart #AIConference #Springer #Scopus #Googlescholar #Publication #AISummit #EAISmartLifeSummit2024 #UDA #DongAUniversity #internationalconference #AI #SmartLife #healthcare #InternationalConference2024",,0,"07/25/2024 21:30",N/A,https://www.facebook.com/IAD.DongA/posts/pfbid0fBq1HECCfaY4sTDtH3NJj1BkEiCpmAKKdz9gDWxYQXdK8AEg9DvL1rSS2VwsMpt6l,0,0,Ảnh,,,,,"Trọn đời",638,481,,41,27,12,2,23,17,4,2
988710079926455,100063624155619,"Viện Nghiên cứu Quốc tế về Trí tuệ nhân tạo và Khoa học dữ liệu","Đoàn nghiên cứu sinh thuộc Viện Nghiên cứu quốc tế về Trí tuệ nhân tạo và Khoa học dữ liệu Đại học Đông Á (Viện IAD) đang có những ngày trao đổi học thuật sôi nổi tại Hội nghị nghiên cứu sinh ngành AI vùng diễn ra tại Pháp, với sự nối kết từ các GS đầu ngành, trong đó có PGS.TSKH Trần Kim Phúc - giảng viên cao cấp, nhà nghiên cứu tại ĐH Lille, Pháp. 🎊

https://donga.edu.vn/nghien-cuu-khoa-hoc/nghien-cuu-khoa-hoc-chi-tiet/ncs-dai-hoc-dong-a-tham-du-hoi-nghi-nghien-cuu-sinh-nganh-ai-vung-tai-phap-36321?fbclid=IwZXh0bgNhZW0CMTAAAR2G_H9ILbDw3tU_02c3IFXCzAsSwSuIshfE3FFiQVJXxxlvVz1QCKKDh0Y_aem_XfSxpLSbOof0rFgjE7981A",,0,"07/17/2024 18:25",N/A,https://www.facebook.com/IAD.DongA/posts/pfbid02s7ZgVhnXXcCKsxt7rtSGTqTns5ejm5yBmUJdEJVrEWQkRf5k22csKtZN25vqF2GJl,0,1,Ảnh,,,,,"Trọn đời",268,238,,6,5,1,0,11,1,10,
986787820118681,100063624155619,"Viện Nghiên cứu Quốc tế về Trí tuệ nhân tạo và Khoa học dữ liệu","🎊 Lễ Tốt nghiệp năm 2024 đợt 2 Đại học Đông Á 🎊
- Vinh danh và trao bằng tốt nghiệp cho 1.319 tân kỹ sư, cử nhân ở 10 ngành đào tạo bậc đại học thuộc các khối Kỹ thuật, Ngôn ngữ và Sức khoẻ.
- Khối ngành Ngôn ngữ đón khoá tốt nghiệp đầu tiên của 90 cử nhân Ngôn ngữ Nhật và Ngôn ngữ Hàn.
- Toàn khoá 2020-2024 ghi nhận hơn 70% sinh viên đã có việc làm trước tốt nghiệp.
- 23 sinh viên đạt danh hiệu xuất sắc toàn khoá và thủ khoa ngành được vinh danh
- 28 sinh viên của khoá học này - là những thành viên có đóng góp xuất sắc trong các hoạt động trách nhiệm cộng đồng toàn khoá được tuyên dương
---
Trước đó, trong 2 ngày 8-9/6, Đại học Đông Á tổ chức Lễ tốt nghiệp và trao bằng kỹ sư, cử nhân đợt 1 năm 2024 cho 1.250 tân kỹ sư, cử nhân, dược sĩ ở 20 ngành đào tạo bậc đại học.

https://donga.edu.vn/tin-tuc/ttsk-chi-tiet/le-tot-nghiep-va-trao-bang-ky-su-cu-nhan-dot-2-nam-2024-dai-hoc-dong-a-36342?fbclid=IwZXh0bgNhZW0CMTAAAR127z1iOTnMbdmuh1YC_zaBX00QUNN9GcTuo7WCgTloqKH_nMhwl5TvGJg_aem_A5bfkxxS9duI6yzc5LafOg",,0,"07/15/2024 00:38",N/A,https://www.facebook.com/IAD.DongA/posts/pfbid02HsMK8dpp5EkYsBgz2qsfurckHtMtJq8U34LbHiNmD9kDPDfG8dG7rPmmSDjEMZyDl,0,1,Video,,,,,"Trọn đời",138,118,,5,4,1,0,1,1,,
984137660383697,100063624155619,"Viện Nghiên cứu Quốc tế về Trí tuệ nhân tạo và Khoa học dữ liệu","Call for papers!!!",,0,"07/11/2024 02:22",N/A,https://www.facebook.com/IAD.DongA/posts/pfbid024xpmxKERBpGmjyozSmvhuDfA1TPtgMFXWpv2uh3AeNHcoZRmMDhCPfGzkKLEBsx4l,0,0,"Liên kết",,,,,"Trọn đời",223,178,,16,9,7,0,9,5,1,3
983475347116595,100063624155619,"Viện Nghiên cứu Quốc tế về Trí tuệ nhân tạo và Khoa học dữ liệu","UDAers khoá 2020-2024 ơi, sẵn sàng tốt nghiệp thôi!!!
🎐🎐🎐
Lễ Tốt nghiệp 2024 Đại học Đông Á
- Thời gian: ngày 13/7
- Địa điểm: Hội trường Edison và khuôn viên Đại học Đông Á",,0,"07/10/2024 03:37",N/A,https://www.facebook.com/IAD.DongA/posts/pfbid02vhAyCyY6MhuwgXD1Q5n7MmC4og1ijsfSHAa9cMvx5VkR5DxvBGLfvF1QFMsXpVUtl,0,1,Ảnh,,,,,"Trọn đời",130,112,,2,2,0,0,3,2,1,
982534007210729,100063624155619,"Viện Nghiên cứu Quốc tế về Trí tuệ nhân tạo và Khoa học dữ liệu","THÔNG BÁO TUYỂN SINH ĐÀO TẠO LIÊN THÔNG TỪ TRUNG CẤP, CAO ĐẲNG LÊN ĐẠI HỌC CHÍNH QUY NĂM 2024
📌Đăng ký trực tuyến tại: https://donga.edu.vn/tuyensinh/dang-ky/thi-lien-thong
----------------
🍀Đối tượng tuyển sinh: 
Thí sinh đã tốt nghiệp một trong những loại văn bằng sau:
- Đã tốt nghiệp trình độ trung cấp và tốt nghiệp THPT; Đã tốt nghiệp trình độ cao đẳng; Đã tốt nghiệp trình độ đại học;
- Được liên thông trái ngành
🍀Phương thức tuyển sinh:  Xét tuyển
🍀Hồ sơ đăng ký dự tuyển:
- Đơn đăng ký dự tuyển;
- Bằng tốt nghiệp và Bảng điểm cao đẳng/đại học hoặc trình độ khác (bản sao chứng thực); 
- Bằng tốt nghiệp; Học bạ THPT đối với thí sinh xét tuyển sinh kết quả học tập bậc THPT (bản sao có chứng thực);
- Giấy chứng nhận thâm niên công tác (đối với ngành sức khỏe); 
- Giấy chứng nhận là đối tượng ưu tiên (bản sao chứng thực nếu có); 
- Chứng chỉ Giáo dục thể chất, Giáo dục quốc phòng - An ninh (bản sao chứng thực nếu có); 
- Thẻ sĩ quan, Quyết định xuất ngũ (bản sao chứng thực nếu có); 
- Quyết định thăng quân hàm (bản sao chứng thực nếu có);
👉👉Chi tiết các ngành đào tạo xem tại: https://tinyurl.com/yfweakr3
Để được hỗ trợ thêm thông tin, thí sinh vui lòng liên hệ với chúng tôi ngay hôm nay nhé!!!!
---------------------
Phòng tuyển sinh trường Đại học Đông Á
Tầng 2 – P.204, 33 Xô Viết Nghệ Tĩnh, P. Hòa Cường Nam, Q. Hải Châu, TP Đà Nẵng.
Điện thoại: 0236.353.11.88 – Hotline: 0913.498.067 - 0353.030.484
#tuyensinhlienthong2024  #XettuyenDaihoc #Xettuyenlienthong
#daihocdonga #trungtamtuyensinhdonga",,0,"07/08/2024 18:29",N/A,https://www.facebook.com/IAD.DongA/posts/pfbid02zkdVyAPHm5qmbBBmGAYE8Kpd9yBMnX8DkjHaLGSNXjGCXaJgFUc8n2uNZ4b4Cgu5l,0,1,Ảnh,,,,,"Trọn đời",86,68,,1,1,0,0,0,,,
982533367210793,100063624155619,"Viện Nghiên cứu Quốc tế về Trí tuệ nhân tạo và Khoa học dữ liệu","Ngày hội hiến máu tình nguyện lần thứ 39 Đại học Đông Á thu hút hơn 400 lượt đăng ký đến từ SV GV và cả bạn bè quốc tế tham gia. 
Chương trình đã nhận về thêm 286 đơn vị máu, qua đó góp phần mang đến hi vọng sống cho nhiều bệnh nhân và lan toả năng lượng hạnh phúc khi được sẻ chia những ""giọt hồng"" yêu thương!
Hoạt động trách nhiệm cộng đồng hiến máu tình nguyện được sinh viên Đại học Đông Á tổ chức từ 2006 đến nay, với 39 ngày hội, đóng góp gần 14.000 đơn vị máu. Bên cạnh đó là 978 lượt hiến máu khẩn cấp, hiến tiểu cầu trực tiếp tại các BV.  
https://donga.edu.vn/tin-tuc/ttsk-chi-tiet/ngay-hoi-hien-mau-lan-39-hanh-phuc-khi-duoc-se-chia-nhung-giot-hong-yeu-thuong-36301?fbclid=IwZXh0bgNhZW0CMTAAAR27hPkGVxWZXslwXAlvCmsQD66DPp9lTJYrZd4kV2e7YbqyxLKuD8Ku0xc_aem_PPjiibnUtIHJIzt_zNjppw",,0,"07/08/2024 18:29",N/A,https://www.facebook.com/IAD.DongA/posts/pfbid02bZvfViLJkK4A2Nf7F5xU7qN5xqpG6rqkqD24Xh66JNQjL4UWmaUKbteriQjZeNxwl,0,1,Ảnh,,,,,"Trọn đời",73,60,,1,1,0,0,0,,,
975724824295628,100063624155619,"Viện Nghiên cứu Quốc tế về Trí tuệ nhân tạo và Khoa học dữ liệu","EAI SMART LIFE SUMMIT 2024: THE AI ERA",,0,"07/05/2024 00:11",N/A,https://www.facebook.com/events/975724824295628/,0,0,"Văn bản",,,,,"Trọn đời",,,0,,,,,,,,
979726720824791,100063624155619,"Viện Nghiên cứu Quốc tế về Trí tuệ nhân tạo và Khoa học dữ liệu","Đại học Đông Á đã tham gia ký kết hợp tác trong hoạt động thông tin-thư viện với các trường đại học khu vực phía Nam 🎊
Hợp tác hướng đến tăng cường mối quan hệ, kết nối và chia sẻ thông tin để làm giàu nguồn học liệu, cũng như tăng cường khả năng cung cấp thông tin cho nhu cầu luôn thay đổi của người sử dụng, góp phần bảo đảm và nâng cao chất lượng phục vụ đào tạo, nghiên cứu của tất cả đối tượng người sử dụng tại các trường Đại học Việt Nam.",,0,"07/04/2024 20:54",N/A,https://www.facebook.com/IAD.DongA/posts/pfbid02tVHfNtP75JAb3iAHxiG9gtfdHw2DWEmzTHBxuVBdhtJMHz4dnb9bwfSwZKq61Pkhl,0,1,Ảnh,,,,,"Trọn đời",76,63,,6,6,0,0,1,,1,
